Sr.,Asset Type,SW Name,Ed/Ver,PO #,FAMS No. / Barcode,License Type,Qty,Purchase Date,Renewal Name,Amount,Subscription Start Date,Subscription End Date,Client Provided Asset,Duty Exempted,Asset Location,Manufacturer Name,Remaining Warranty In Days,Vendor Name,Invoice No.,Client,Group,Project,License Key,Remarks,Market Name,Client Name,User Name
1,Software,Director Suite,Premium 6,CTIN-818596,FAMS87982,Perpetual,10,19-Apr-22,Annual,109734,,,Yes,Yes,CT Mindspace-3,Cyberlink,202,Online,,Client Provided,,PS,BDFFTH8PVCD02ECD,Request ID SR66293,HLS,Kaiser Permanente,
2,Software,CP Rhapsody IDE,6.4.1,CTIN-552745,,Subscription,500,11-Aug-23,Perpetual,272413,11-Aug-2023,10-Aug-2025,Yes,No,CT Mindspace-1,OrionHealth,,Client Provided,INV-32678,CCNF,,PS,,,HMT2,Humana,Mukesh Pandey
3,Software,.NET Developer Bundle,NA,CTIN-475271,FAMS50876,Perpetual,3,09-Aug-23,Perpetual,64918,,,No,Yes,CT USA,Red Gate,492,Red Gate Software Ltd,INV-82933,CCNF,,Raosaheb,OTZUDY6CWK7KE40E,Request ID SR89249,HHP,Cambia,Dhanshri Kantilal Ghule
4,Software,Director Suite,Premium 6,CTIN-342751,FAMS21791,Subscription,100,02-Oct-20,Annual,97998,02-Oct-2020,02-Oct-2022,Yes,No,CT Mindspace-3,Cyberlink,634,Online,,Client Provided,,,ZIV0G74WTZ0PCMJK,,HMT1,Cigna,Srikari Penumaka
5,Software,7 Edit,Professional 2,CTIN-556371,,Subscription,100,01-Jul-25,Annual,136571,01-Jul-2025,01-Jul-2027,Yes,Yes,CT Mindspace-3,HL7,223,Embee Software Pvt Ltd,,,,Volume Licensing Site,CRJC2TKITIWX5CGT,Request ID SR81683,HMT2,Athena,
6,Software,Commvault FEDCB Data Protection,Advance-Foundation NA,CTIN-133515,FAMS98491,Subscription,100,04-Nov-23,Annual,394728,04-Nov-2023,03-Nov-2024,No,No,CT Mindspace-1,Commvault,132,Pentagon System And Services Pvt. Ltd,,Client Provided,,Raosaheb,WK186E8E9VQJFBGV,Request ID SR56603,HMT1,Cambia,Shubham Roy
7,Software,7 Edit,Professional 2,CTIN-229459,FAMS63706,Subscription,10,30-Jun-23,Perpetual,52180,30-Jun-2023,29-Jun-2025,Yes,Yes,CT Mindspace-3,HL7,1200,Embee Software Pvt Ltd,,CCNF,,Integration Team,EZ78FK8BKCNZV522,,HMT1,GE Healthcare,Divya G
8,Software,7 Edit,Professional 2,CTIN-306969,,Subscription,1,04-Mar-22,6 Months,84700,04-Mar-2022,31-Aug-2022,Yes,Yes,CT Mindspace-1,HL7,,Embee Software Pvt Ltd,INV-59571,,,,5ITCHRMDD4DA8805,Request ID SR28170,HMT1,GE Healthcare,Yuvraj Verma
9,Software,2FA for Jira,Commercial,CTIN-876798,FAMS50313,Subscription,5,08-Jul-23,Perpetual,114607,08-Jul-2023,07-Jul-2024,No,Yes,CT Mindspace-3,Atlassian,,Online,,,,Volume Licensing Site,Z40ZRRTUVLZGUROU,Request ID SR86875,Functions (IT),GE Healthcare,Mani Krishna Devavarapu
10,Software,7 Edit,Professional 2,CTIN-479713,FAMS27702,Perpetual,25,17-Aug-20,6 Months,465859,,,No,No,CT Mindspace-3,HL7,11,Embee Software Pvt Ltd,INV-35548,CCNF,,,9XWJTXX1KK6T1H71,,HMT1,Elevance Health,Chintan Mehta
11,Software,Director Suite,Premium 6,CTIN-532930,,Subscription,2000,22-Apr-19,Annual,68997,22-Apr-2019,21-Apr-2021,No,Yes,CT Mindspace-1,Cyberlink,1024,Online,INV-18868,,,Raosaheb,1TB47TGOPXEYFC38,Request ID SR73958,Functions (IT),CVS Health,Megha Varshney
12,Software,CP Rhapsody IDE,6.4.1,Client Provided,FAMS49898,Subscription,5,16-Jan-23,Annual,387646,16-Jan-2023,15-Jan-2025,No,No,CT India,OrionHealth,1162,Client Provided,,,,Raosaheb,DWJLO9VJENGFJONV,Request ID SR69877,Functions (IT),Humana,Deborah A Berry
13,Software,Traqplan Timeline,NA,CTIN-634609,FAMS40721,Subscription,50,20-May-21,Perpetual,182375,20-May-2021,20-May-2022,Yes,No,CT Mindspace-3,Traqplan,1126,RALCO synergy pvt ltd,,,,Volume Licensing Site,Z2U5R637F1OZOKT2,Request ID SR49897,HMT1,CVS Health,
14,Software,Commvault FEDCB Data Protection,Advance-Foundation NA,CTIN-963445,,Perpetual,1,27-Apr-18,Annual,344877,,,No,No,CT Mindspace-3,Commvault,1437,Pentagon System And Services Pvt. Ltd,,CCNF,,PS,TY4MAWJQW0TBWNQX,,HMT2,Devita,Jayprakash Yadav
15,Software,Director Suite,Premium 6,CTIN-540815,FAMS76039,Perpetual,500,13-Nov-25,Annual,234350,,,Yes,No,CT Mindspace-3,Cyberlink,773,Online,INV-17740,Client Provided,,Integration Team,CY304CZYVR45AU7A,,Functions (IT),Kaiser Permanente,Ravikumar Rajendran
16,Software,Traqplan Timeline,NA,CTIN-819872,,Perpetual,100,09-Jan-26,Perpetual,41602,,,Yes,Yes,CT Mindspace-1,Traqplan,1208,RALCO synergy pvt ltd,INV-63764,,,On Portal,,Request ID SR85435,HMT1,GE Healthcare,Hemanth Macha
17,Software,.NET Developer Bundle,NA,CTIN-641738,FAMS89022,Perpetual,100,07-Jun-23,6 Months,53831,,,Yes,No,CT Powai,Red Gate,1057,Red Gate Software Ltd,INV-57184,,,Integration Team,,Request ID SR81600,HHP,Athena,Vanaja Duggirala
18,Software,2FA for Jira,Commercial,CTIN-993310,,Perpetual,25,14-May-19,Annual,43844,,,No,Yes,CT Powai,Atlassian,667,Online,INV-56770,,,Raosaheb,,Request ID SR74133,HMT1,UnitedHealth Group,Hemanth Macha
19,Software,7 Edit,Professional 2,CTIN-286196,FAMS46092,Subscription,25,30-Sep-23,6 Months,490881,30-Sep-2023,29-Sep-2024,No,No,CT USA,HL7,,Embee Software Pvt Ltd,,,,PS,6074TB46U3R83ONE,,HMT2,CVS Health,
20,Software,2FA for Jira,Commercial,Client Provided,FAMS32216,Perpetual,10,18-Feb-26,Annual,282651,,,No,No,CT India,Atlassian,1461,Online,,CCNF,,Volume Licensing Site,9JRDFNGJW0MX7I6S,Request ID SR33736,HHP,UnitedHealth Group,Srikari Penumaka
21,Software,.NET Developer Bundle,NA,CTIN-101917,FAMS93500,Subscription,50,21-Apr-25,6 Months,495398,21-Apr-2025,21-Apr-2026,Yes,No,CT Mindspace-1,Red Gate,856,Red Gate Software Ltd,INV-93214,,,On Portal,GAZL3RCTQ8YUO3FV,Request ID SR48787,HMT2,GE Healthcare,Adarsh Sharma
22,Software,Traqplan Timeline,NA,CTIN-167614,,Perpetual,10,24-Aug-19,Annual,192386,,,No,Yes,CT Powai,Traqplan,841,RALCO synergy pvt ltd,INV-39107,,,Volume Licensing Site,,,Functions (IT),Devita,
23,Software,Commvault FEDCB Data Protection,Advance-Foundation NA,CTIN-120574,FAMS71936,Subscription,500,16-Jun-18,Perpetual,5290,16-Jun-2018,13-Dec-2018,Yes,Yes,CT USA,Commvault,588,Pentagon System And Services Pvt. Ltd,INV-37970,,,,BNSWTQPFQOG2TK9I,Request ID SR46788,HMT2,CVS Health,Ravikumar Rajendran
24,Software,2FA for Jira,Commercial,CTIN-768509,FAMS95010,Subscription,10,17-Apr-19,6 Months,157821,17-Apr-2019,16-Apr-2021,No,No,CT Powai,Atlassian,615,Online,INV-20414,,,Integration Team,GG9XZSFBSZYB27PS,,Functions (IT),Cigna,
25,Software,Traqplan Timeline,NA,CTIN-769958,FAMS98045,Perpetual,3,11-May-25,Perpetual,489557,,,Yes,No,CT USA,Traqplan,30,RALCO synergy pvt ltd,,Client Provided,,PS,,Request ID SR24668,HPR,GE Healthcare,
26,Software,Traqplan Timeline,NA,CTIN-429907,FAMS46696,Subscription,500,12-Sep-22,Annual,457542,12-Sep-2022,11-Mar-2023,Yes,Yes,CT Powai,Traqplan,553,RALCO synergy pvt ltd,INV-40146,,,On Portal,OGILJYQDZAA98KWN,,HMT1,Cigna,Srinivas Geddada
27,Software,Commvault FEDCB Data Protection,Advance-Foundation NA,CTIN-733166,FAMS76959,Perpetual,2,29-Nov-18,Perpetual,393118,,,Yes,No,CT Mindspace-1,Commvault,,Pentagon System And Services Pvt. Ltd,INV-41968,,,Integration Team,,Request ID SR72418,Functions (IT),Cigna,
28,Software,Traqplan Timeline,NA,CTIN-690315,FAMS38670,Subscription,10,09-Dec-18,Annual,436147,09-Dec-2018,08-Dec-2020,No,No,CT USA,Traqplan,444,RALCO synergy pvt ltd,,,,,IRJTJBVNZJBQPXKO,,HMT1,CVS Health,Palani Kumar  Pulicherla
29,Software,7 Edit,Professional 2,CTIN-251029,FAMS93583,Perpetual,2000,24-Jun-24,Perpetual,117166,,,No,No,CT Powai,HL7,547,Embee Software Pvt Ltd,INV-41504,,,,,Request ID SR69551,HHP,Athena,Nikhil Jawalkar
30,Software,Traqplan Timeline,NA,Client Provided,FAMS98036,Perpetual,1,28-Nov-21,6 Months,421057,,,No,No,CT India,Traqplan,305,RALCO synergy pvt ltd,,,,,,Request ID SR16662,HLS,GE Healthcare,
31,Software,.NET Developer Bundle,NA,CTIN-307606,,Perpetual,25,23-Mar-23,6 Months,191367,,,No,No,CT Mindspace-1,Red Gate,781,Red Gate Software Ltd,,CCNF,,Integration Team,VKQ6YNG1Z38V2CE3,Request ID SR54002,HHP,GE Healthcare,
32,Software,Traqplan Timeline,NA,Client Provided,FAMS61541,Subscription,25,14-Jan-22,Annual,337129,14-Jan-2022,14-Jan-2023,Yes,Yes,CT USA,Traqplan,1273,RALCO synergy pvt ltd,,,,,BFIDSX9BER0KL20E,,HMT2,Athena,Carrie J Keller
33,Software,2FA for Jira,Commercial,CTIN-222649,FAMS75487,Subscription,50,21-Aug-20,Annual,148836,21-Aug-2020,17-Feb-2021,Yes,Yes,CT USA,Atlassian,685,Online,,Client Provided,,Raosaheb,7J5KBHZGORLYDZZC,Request ID SR63743,Functions (IT),Devita,Mohammed Ayyub  Ali
34,Software,Director Suite,Premium 6,CTIN-885103,,Perpetual,2000,02-Mar-18,Annual,211237,,,No,No,CT USA,Cyberlink,,Online,INV-72001,,,,F11VJ6QCJZ42ITYW,,HPR,CVS Health,Chaitanya Nandamuri
35,Software,CP Rhapsody IDE,6.4.1,CTIN-320753,FAMS27450,Perpetual,2,26-May-24,6 Months,449429,,,Yes,No,CT Mindspace-1,OrionHealth,681,Client Provided,,CCNF,,,CYIYFUXU691714PN,,Functions (IT),GE Healthcare,Swara Kiran Rane
36,Software,CP Rhapsody IDE,6.4.1,CTIN-986035,FAMS67343,Perpetual,5,21-Dec-20,6 Months,293356,,,No,Yes,CT Mindspace-3,OrionHealth,,Client Provided,,,,Volume Licensing Site,,Request ID SR84913,HPR,Cambia,Megha Varshney
37,Software,Q-S-VMDR,NA,CTIN-216471,,Subscription,3,31-May-24,Perpetual,444825,31-May-2024,31-May-2025,Yes,No,CT Mindspace-1,Qualys,1413,R S Consulting Services,,,,Raosaheb,,,HPR,Devita,Rohit Kumar
38,Software,.NET Developer Bundle,NA,CTIN-955222,FAMS51619,Perpetual,1,28-Jun-19,6 Months,59463,,,No,No,CT USA,Red Gate,1055,Red Gate Software Ltd,,Client Provided,,On Portal,VX9H42XPOLJ8I24A,,HMT2,CVS Health,Sushil Suresh Shah
39,Software,2FA for Jira,Commercial,CTIN-341662,,Subscription,10,16-Jan-23,Perpetual,409791,16-Jan-2023,15-Jan-2025,No,No,CT USA,Atlassian,35,Online,INV-17314,Client Provided,,,C9UV0VA9XDECV52W,,Functions (IT),UnitedHealth Group,Naveen Kumar Bayya
40,Software,.NET Developer Bundle,NA,CTIN-535727,FAMS59239,Perpetual,10,16-Feb-23,Perpetual,335282,,,Yes,Yes,CT Mindspace-1,Red Gate,1410,Red Gate Software Ltd,,CCNF,,PS,YIMMMBEVMLBE06O9,Request ID SR98589,HHP,CVS Health,Deepankar Mishra
41,Software,Director Suite,Premium 6,CTIN-976492,FAMS76880,Perpetual,2000,11-Jul-25,6 Months,493213,,,No,Yes,CT Mindspace-3,Cyberlink,,Online,INV-65027,,,,ZYY9DYPK9RJSLYNW,,Functions (IT),Kaiser Permanente,Baljeet Singh
42,Software,.NET Developer Bundle,NA,Client Provided,FAMS41536,Subscription,5,17-Sep-24,Annual,335564,17-Sep-2024,17-Sep-2026,Yes,Yes,CT USA,Red Gate,,Red Gate Software Ltd,INV-55158,Client Provided,,Raosaheb,T1VTMWYS7P8F8TFU,Request ID SR39736,HPR,Kaiser Permanente,
43,Software,Commvault FEDCB Data Protection,Advance-Foundation NA,CTIN-211804,FAMS73452,Perpetual,100,06-Apr-21,Annual,113006,,,No,No,CT India,Commvault,,Pentagon System And Services Pvt. Ltd,,,,On Portal,LOVFFO4J1UZA9WGJ,,HLS,Athena,Robin Torma
44,Software,2FA for Jira,Commercial,CTIN-600349,FAMS10928,Subscription,3,29-Aug-18,Perpetual,264131,29-Aug-2018,28-Aug-2020,Yes,Yes,CT USA,Atlassian,1289,Online,,Client Provided,,Raosaheb,,Request ID SR37381,HMT1,Athena,
45,Software,Q-S-VMDR,NA,Client Provided,FAMS34723,Subscription,100,03-May-24,Perpetual,390138,03-May-2024,30-Oct-2024,No,Yes,CT Mindspace-1,Qualys,989,R S Consulting Services,,,,PS,O3KHQZ6AZNAOIG9U,Request ID SR38219,HPR,Devita,Aditi Shewale
46,Software,Director Suite,Premium 6,CTIN-874072,,Subscription,5,27-Aug-20,Annual,217865,27-Aug-2020,23-Feb-2021,Yes,No,CT Powai,Cyberlink,974,Online,,Client Provided,,Volume Licensing Site,PZ7LB9Y2E7LJHHA2,Request ID SR55720,HMT1,Cambia,
47,Software,7 Edit,Professional 2,CTIN-224572,FAMS25485,Subscription,3,22-Aug-19,6 Months,11640,22-Aug-2019,18-Feb-2020,No,No,CT Mindspace-3,HL7,938,Embee Software Pvt Ltd,,,,Raosaheb,E7PV2TV2CFWAA1XE,Request ID SR83943,HMT1,CVS Health,Vanaja Duggirala
48,Software,.NET Developer Bundle,NA,CTIN-920139,,Subscription,100,14-Oct-18,Perpetual,410633,14-Oct-2018,14-Oct-2019,No,No,CT USA,Red Gate,,Red Gate Software Ltd,INV-99656,CCNF,,On Portal,HNLBF02445D6U4IP,Request ID SR44127,HLS,Kaiser Permanente,Bhavika Pradeep Shirodkar
49,Software,Commvault FEDCB Data Protection,Advance-Foundation NA,CTIN-263269,,Perpetual,500,19-Apr-22,Annual,495665,,,Yes,Yes,CT Powai,Commvault,,Pentagon System And Services Pvt. Ltd,,CCNF,,PS,,Request ID SR11971,HPR,Elevance Health,Kendal Piazza
50,Software,7 Edit,Professional 2,CTIN-839859,FAMS74816,Perpetual,3,18-Dec-18,Annual,392226,,,No,No,CT Mindspace-3,HL7,1220,Embee Software Pvt Ltd,,Client Provided,,Volume Licensing Site,LEG1DM7NKC1CNT1Y,Request ID SR79242,HPR,CVS Health,Parag Radhakrishna Kelji
51,Software,Q-S-VMDR,NA,CTIN-695715,FAMS54643,Perpetual,500,22-Oct-21,6 Months,12974,,,No,Yes,CT Mindspace-1,Qualys,544,R S Consulting Services,,Client Provided,,,,Request ID SR51202,HPR,Devita,Deepti Devendra Bare
52,Software,2FA for Jira,Commercial,CTIN-545963,FAMS50787,Perpetual,25,29-Jul-21,6 Months,354401,,,No,No,CT Mindspace-1,Atlassian,66,Online,,CCNF,,Raosaheb,7TYPNTRXFSU15O4A,Request ID SR57598,HLS,Cambia,Dastagiri Nossam
53,Software,2FA for Jira,Commercial,CTIN-625612,FAMS28092,Perpetual,3,22-Mar-23,Perpetual,438430,,,Yes,Yes,CT India,Atlassian,,Online,INV-20225,Client Provided,,Integration Team,,,HLS,Devita,Kashni Hinduja M
54,Software,2FA for Jira,Commercial,CTIN-481448,FAMS11101,Subscription,100,10-Apr-18,Annual,185554,10-Apr-2018,10-Apr-2019,Yes,No,CT USA,Atlassian,389,Online,INV-58728,CCNF,,PS,EQ2RI7LPM3GQ338F,Request ID SR22646,HMT1,CVS Health,Priyanka Arya Chandra
55,Software,7 Edit,Professional 2,CTIN-464805,,Perpetual,10,21-Jun-20,Annual,405777,,,No,No,CT Powai,HL7,219,Embee Software Pvt Ltd,,,,,OSX4BEJ619E6FNLL,,Functions (IT),UnitedHealth Group,Lakshmi Sai Sarath Bhusarapu
56,Software,CP Rhapsody IDE,6.4.1,CTIN-477765,FAMS27032,Perpetual,2,17-Aug-23,6 Months,166831,,,No,No,CT Mindspace-3,OrionHealth,404,Client Provided,INV-87101,,,On Portal,I2BVL1Z7LASO60Z8,,HLS,Athena,Yengannagari Rupa
57,Software,2FA for Jira,Commercial,CTIN-460972,FAMS25430,Perpetual,10,28-Dec-25,Annual,423021,,,No,No,CT Mindspace-3,Atlassian,,Online,,,,Raosaheb,57739IQEG561J0RS,,HLS,Cigna,Dastagiri Nossam
58,Software,Traqplan Timeline,NA,CTIN-410087,,Perpetual,1,08-Oct-22,Annual,480006,,,Yes,No,CT Mindspace-1,Traqplan,309,RALCO synergy pvt ltd,,CCNF,,Raosaheb,6PD7AGXDTDLU9VVA,Request ID SR12285,HHP,Humana,Bhakya Raj Paulpandi
59,Software,Traqplan Timeline,NA,CTIN-246972,FAMS14936,Subscription,1,08-Nov-19,Perpetual,154742,08-Nov-2019,07-Nov-2020,No,Yes,CT Mindspace-3,Traqplan,362,RALCO synergy pvt ltd,,CCNF,,,5AR2HFB7RZM5YYRE,,Functions (IT),Devita,Swapnil Thakur
60,Software,2FA for Jira,Commercial,CTIN-398995,FAMS24126,Perpetual,25,16-May-18,Perpetual,441496,,,No,Yes,CT Mindspace-3,Atlassian,,Online,,,,Integration Team,,,HMT1,Devita,Shashank Soni
61,Software,CP Rhapsody IDE,6.4.1,CTIN-729684,,Perpetual,25,28-May-18,Annual,233048,,,Yes,Yes,CT Mindspace-3,OrionHealth,533,Client Provided,,,,Integration Team,,,HMT2,Humana,Ravikumar Rajendran
62,Software,Q-S-VMDR,NA,CTIN-576942,FAMS95570,Subscription,50,30-Nov-24,6 Months,485600,30-Nov-2024,29-May-2025,Yes,No,CT USA,Qualys,474,R S Consulting Services,,,,,TQBIKXDK7DSFSAXX,,HMT1,Cambia,Mukesh Pandey
63,Software,Commvault FEDCB Data Protection,Advance-Foundation NA,CTIN-911523,FAMS57634,Perpetual,2,14-Apr-21,6 Months,38099,,,Yes,No,CT Powai,Commvault,,Pentagon System And Services Pvt. Ltd,,CCNF,,On Portal,,Request ID SR47569,HMT1,Devita,Anand Surisetty Kumar
64,Software,7 Edit,Professional 2,CTIN-899297,,Subscription,5,09-Feb-23,6 Months,268041,09-Feb-2023,08-Feb-2025,Yes,No,CT USA,HL7,,Embee Software Pvt Ltd,,CCNF,,PS,,,HMT2,Athena,Deepthi Bodavula
65,Software,7 Edit,Professional 2,Client Provided,,Subscription,2,13-Mar-23,6 Months,272489,13-Mar-2023,12-Mar-2024,No,No,CT Mindspace-3,HL7,767,Embee Software Pvt Ltd,,Client Provided,,Volume Licensing Site,,Request ID SR38062,HMT1,Kaiser Permanente,Harish Nalla
66,Software,Commvault FEDCB Data Protection,Advance-Foundation NA,CTIN-498788,,Subscription,500,06-Nov-21,Annual,398977,06-Nov-2021,06-Nov-2022,No,Yes,CT Mindspace-1,Commvault,1394,Pentagon System And Services Pvt. Ltd,,,,PS,,,HMT2,Humana,Vicki Lyn Cranford
67,Software,Commvault FEDCB Data Protection,Advance-Foundation NA,CTIN-279901,,Perpetual,100,01-Feb-21,Perpetual,360014,,,Yes,Yes,CT India,Commvault,884,Pentagon System And Services Pvt. Ltd,,,,Raosaheb,,Request ID SR14749,HHP,UnitedHealth Group,
68,Software,Q-S-VMDR,NA,CTIN-291281,,Subscription,500,09-May-25,6 Months,244883,09-May-2025,09-May-2027,Yes,No,CT India,Qualys,1205,R S Consulting Services,INV-88512,,,Raosaheb,4HW2OKJEKTLZA6F9,,Functions (IT),Humana,Kumar Saurav
69,Software,7 Edit,Professional 2,CTIN-627788,FAMS66666,Perpetual,3,12-Sep-24,Perpetual,129772,,,No,No,CT Powai,HL7,,Embee Software Pvt Ltd,INV-54809,CCNF,,,,Request ID SR24445,HLS,Kaiser Permanente,
70,Software,Traqplan Timeline,NA,CTIN-140251,FAMS17583,Subscription,1,14-Jan-26,6 Months,375043,14-Jan-2026,14-Jan-2028,No,No,CT India,Traqplan,272,RALCO synergy pvt ltd,INV-49151,,,On Portal,,Request ID SR70601,HHP,GE Healthcare,
71,Software,2FA for Jira,Commercial,Client Provided,FAMS95399,Subscription,100,18-Oct-22,6 Months,290888,18-Oct-2022,17-Oct-2024,Yes,No,CT Powai,Atlassian,105,Online,,CCNF,,Raosaheb,T49X016WXDSOMSO7,,HHP,Cambia,Siddharth Nagnath Bhurke
72,Software,Q-S-VMDR,NA,CTIN-841229,FAMS28418,Subscription,3,22-Feb-24,Annual,315815,22-Feb-2024,21-Feb-2025,Yes,No,CT India,Qualys,1422,R S Consulting Services,INV-92108,,,Raosaheb,,Request ID SR57842,HLS,GE Healthcare,
73,Software,Traqplan Timeline,NA,CTIN-857547,FAMS78013,Subscription,5,24-Feb-21,Annual,78722,24-Feb-2021,24-Feb-2023,No,No,CT Mindspace-1,Traqplan,,RALCO synergy pvt ltd,INV-76818,Client Provided,,On Portal,,Request ID SR23654,HMT1,Elevance Health,Vicki Lyn Cranford
74,Software,2FA for Jira,Commercial,CTIN-778444,FAMS48110,Subscription,25,23-Aug-19,6 Months,48019,23-Aug-2019,22-Aug-2020,No,Yes,CT India,Atlassian,,Online,INV-62000,,,Volume Licensing Site,VFZZLH64695SETGU,Request ID SR42944,HLS,CVS Health,Udit Chopra
75,Software,.NET Developer Bundle,NA,CTIN-226894,FAMS14515,Subscription,3,19-May-24,Annual,56890,19-May-2024,15-Nov-2024,Yes,Yes,CT India,Red Gate,,Red Gate Software Ltd,,,,Raosaheb,RMNNR44N8TMK1BXQ,Request ID SR58623,Functions (IT),CVS Health,Mahamood Pasha Mohammad
76,Software,Commvault FEDCB Data Protection,Advance-Foundation NA,Client Provided,FAMS80145,Perpetual,100,26-Jan-21,Annual,270411,,,Yes,No,CT India,Commvault,533,Pentagon System And Services Pvt. Ltd,,,,Volume Licensing Site,7FG0L24VUK2UF3R6,Request ID SR90727,HMT1,Athena,Kumar Saurav
77,Software,CP Rhapsody IDE,6.4.1,CTIN-437786,FAMS41265,Perpetual,5,14-Aug-24,Perpetual,294067,,,Yes,No,CT USA,OrionHealth,223,Client Provided,,,,On Portal,WRQSXFFX6NK5EXDI,Request ID SR14594,HMT1,CVS Health,
78,Software,.NET Developer Bundle,NA,CTIN-425176,FAMS70189,Perpetual,100,06-Nov-20,Perpetual,395350,,,No,No,CT USA,Red Gate,1339,Red Gate Software Ltd,INV-21332,,,On Portal,XNQN5ZTVKY9JTLML,,HLS,Athena,Jessica Molina
79,Software,Traqplan Timeline,NA,Client Provided,,Subscription,5,18-Jan-25,Annual,359205,18-Jan-2025,18-Jan-2027,Yes,No,CT USA,Traqplan,360,RALCO synergy pvt ltd,INV-88008,,,PS,82HEIZBSDZCXLP92,Request ID SR87597,HMT2,Athena,Bhavika Pradeep Shirodkar
80,Software,Traqplan Timeline,NA,CTIN-665159,FAMS39090,Perpetual,2000,18-Apr-21,Annual,216635,,,Yes,No,CT Powai,Traqplan,1217,RALCO synergy pvt ltd,INV-44713,,,PS,,Request ID SR27575,HMT2,Kaiser Permanente,
81,Software,Commvault FEDCB Data Protection,Advance-Foundation NA,Client Provided,FAMS83943,Perpetual,2000,10-Jun-25,6 Months,60242,,,Yes,Yes,CT USA,Commvault,1211,Pentagon System And Services Pvt. Ltd,,,,,,,Functions (IT),Cambia,Hemanth Macha
82,Software,Traqplan Timeline,NA,CTIN-179982,FAMS75231,Perpetual,25,08-Dec-25,6 Months,385445,,,Yes,Yes,CT India,Traqplan,1270,RALCO synergy pvt ltd,INV-41359,Client Provided,,Integration Team,MKFB21FK343OKAN9,,HLS,Devita,
83,Software,Director Suite,Premium 6,CTIN-176800,FAMS12392,Perpetual,1,24-Sep-25,6 Months,240030,,,Yes,No,CT USA,Cyberlink,52,Online,,CCNF,,Volume Licensing Site,,Request ID SR43770,HLS,GE Healthcare,
84,Software,Director Suite,Premium 6,CTIN-559794,FAMS23161,Subscription,10,09-Aug-22,6 Months,264404,09-Aug-2022,09-Aug-2023,Yes,Yes,CT USA,Cyberlink,637,Online,,,,Raosaheb,,Request ID SR27010,Functions (IT),CVS Health,Abhijeet Kumar
85,Software,CP Rhapsody IDE,6.4.1,Client Provided,FAMS89608,Subscription,5,05-Sep-25,6 Months,218943,05-Sep-2025,04-Mar-2026,Yes,Yes,CT India,OrionHealth,239,Client Provided,,Client Provided,,Volume Licensing Site,KOC1V45RYN0ETJI3,Request ID SR11372,HPR,Devita,Jessica Molina
86,Software,2FA for Jira,Commercial,CTIN-412744,FAMS56433,Perpetual,1,10-Dec-19,Annual,263673,,,No,No,CT Mindspace-3,Atlassian,,Online,,CCNF,,Raosaheb,TB2TE4OI2R9DKGUC,,HHP,Cigna,
87,Software,Commvault FEDCB Data Protection,Advance-Foundation NA,CTIN-418639,FAMS60105,Subscription,100,16-Nov-21,Annual,66708,16-Nov-2021,16-Nov-2023,No,Yes,CT Mindspace-3,Commvault,340,Pentagon System And Services Pvt. Ltd,INV-95544,Client Provided,,On Portal,V6G47QDCFMTH0YKS,,HLS,GE Healthcare,
88,Software,.NET Developer Bundle,NA,CTIN-861332,FAMS35938,Subscription,1,24-Feb-23,Perpetual,459425,24-Feb-2023,23-Feb-2025,Yes,Yes,CT USA,Red Gate,600,Red Gate Software Ltd,,CCNF,,Integration Team,WEUPQJY1NE1EZ788,,HMT2,UnitedHealth Group,Nikhil Jawalkar
89,Software,Q-S-VMDR,NA,CTIN-842304,FAMS91237,Perpetual,1,23-Nov-23,Perpetual,403086,,,No,Yes,CT India,Qualys,133,R S Consulting Services,INV-17840,,,Integration Team,2XRHQEA7GX5Y45CI,Request ID SR51483,HHP,Devita,
90,Software,Traqplan Timeline,NA,CTIN-422755,,Subscription,3,23-Dec-24,Perpetual,161789,23-Dec-2024,21-Jun-2025,No,Yes,CT USA,Traqplan,731,RALCO synergy pvt ltd,,CCNF,,Volume Licensing Site,95TNG8GHN96YMZIL,Request ID SR48147,HMT2,Cambia,Madhan Suresh
91,Software,Traqplan Timeline,NA,CTIN-334580,FAMS39957,Perpetual,2,01-Jan-25,Annual,251535,,,Yes,No,CT India,Traqplan,,RALCO synergy pvt ltd,INV-69285,,,,JCY7T7T7OJAW3UOX,,HMT2,Cambia,Mahesh Nisar
92,Software,.NET Developer Bundle,NA,Client Provided,,Perpetual,25,20-Dec-19,6 Months,444320,,,Yes,Yes,CT Mindspace-1,Red Gate,1452,Red Gate Software Ltd,,Client Provided,,,1FFQS4HLMO9XUHY2,Request ID SR34859,HMT1,Athena,Stephen Cannata
93,Software,2FA for Jira,Commercial,Client Provided,FAMS31612,Perpetual,500,20-Nov-18,Perpetual,353398,,,No,No,CT Powai,Atlassian,564,Online,INV-95794,,,Volume Licensing Site,,,HHP,UnitedHealth Group,Saurav Acharya
94,Software,Traqplan Timeline,NA,CTIN-336562,FAMS43893,Perpetual,25,05-Jun-19,6 Months,166179,,,No,Yes,CT Mindspace-1,Traqplan,457,RALCO synergy pvt ltd,,,,Raosaheb,K0SXPW3TCMLJEOXP,,HLS,GE Healthcare,Yashwanth Ramachandra
95,Software,.NET Developer Bundle,NA,CTIN-987902,,Perpetual,3,03-Jul-22,Annual,148659,,,Yes,No,CT Mindspace-3,Red Gate,1071,Red Gate Software Ltd,INV-39230,,,Integration Team,,,HLS,Cigna,Aprajeeta Anumeh
96,Software,.NET Developer Bundle,NA,CTIN-360971,FAMS72442,Subscription,2000,17-Jan-24,6 Months,37223,17-Jan-2024,15-Jul-2024,No,Yes,CT Powai,Red Gate,,Red Gate Software Ltd,,CCNF,,Integration Team,,Request ID SR84230,HPR,Cigna,
97,Software,7 Edit,Professional 2,CTIN-940859,,Subscription,2000,22-Aug-25,6 Months,53159,22-Aug-2025,22-Aug-2026,No,Yes,CT India,HL7,1324,Embee Software Pvt Ltd,,,,Raosaheb,,,HMT2,Athena,
98,Software,Q-S-VMDR,NA,Client Provided,FAMS79590,Subscription,25,20-Feb-21,Annual,346726,20-Feb-2021,20-Feb-2023,No,Yes,CT India,Qualys,,R S Consulting Services,INV-60112,Client Provided,,Integration Team,,Request ID SR71575,HLS,Kaiser Permanente,Vamshi Vennapu
99,Software,2FA for Jira,Commercial,CTIN-440658,,Perpetual,5,02-Mar-23,Perpetual,454397,,,No,No,CT Mindspace-3,Atlassian,79,Online,,CCNF,,,,,HMT1,GE Healthcare,Navaneetha Macha
100,Software,Director Suite,Premium 6,CTIN-864139,FAMS85621,Perpetual,10,26-Apr-21,6 Months,282994,,,Yes,No,CT USA,Cyberlink,278,Online,INV-51958,,,Raosaheb,,,HHP,GE Healthcare,Mahesh Kagitha
101,Software,Q-S-VMDR,NA,CTIN-849846,,Subscription,1,18-Mar-25,6 Months,267451,18-Mar-2025,18-Mar-2027,Yes,Yes,CT Mindspace-1,Qualys,,R S Consulting Services,,Client Provided,,Volume Licensing Site,SEJ280O67GW57AEL,Request ID SR70740,HHP,Athena,
102,Software,2FA for Jira,Commercial,CTIN-925348,FAMS47946,Perpetual,2000,22-Oct-23,Perpetual,204510,,,No,No,CT Powai,Atlassian,,Online,INV-29435,Client Provided,,Integration Team,OYIB92LPUIJ4L27Q,Request ID SR93071,HLS,Athena,Vineeth Chowdary Tripuraneni
103,Software,Director Suite,Premium 6,CTIN-598484,FAMS29527,Perpetual,2000,12-Jul-22,Perpetual,407091,,,No,Yes,CT Mindspace-3,Cyberlink,,Online,INV-23203,,,On Portal,8EF5TVFY82AVA2PH,Request ID SR12856,HLS,GE Healthcare,Stephen Cannata
104,Software,2FA for Jira,Commercial,CTIN-391825,FAMS13735,Perpetual,2,19-Jan-26,6 Months,177511,,,No,No,CT India,Atlassian,411,Online,INV-18422,,,Integration Team,,,HMT2,Devita,Bhavika Pradeep Shirodkar
105,Software,Traqplan Timeline,NA,CTIN-428469,FAMS33597,Perpetual,1,22-Feb-21,6 Months,291965,,,Yes,No,CT Mindspace-1,Traqplan,1361,RALCO synergy pvt ltd,,Client Provided,,Raosaheb,IZPR6MDRXLI8TWZO,,HMT2,GE Healthcare,
106,Software,2FA for Jira,Commercial,Client Provided,FAMS63418,Subscription,25,15-Mar-21,Perpetual,342627,15-Mar-2021,11-Sep-2021,No,No,CT Powai,Atlassian,716,Online,,CCNF,,On Portal,,Request ID SR95873,HLS,Humana,William Patrick Petersen
107,Software,Commvault FEDCB Data Protection,Advance-Foundation NA,CTIN-413614,FAMS37804,Subscription,25,30-Dec-24,Perpetual,328222,30-Dec-2024,30-Dec-2025,No,Yes,CT Mindspace-3,Commvault,551,Pentagon System And Services Pvt. Ltd,,CCNF,,PS,9JJT1V79WLQAHXY3,Request ID SR73404,HMT2,Elevance Health,
108,Software,.NET Developer Bundle,NA,CTIN-487441,,Subscription,3,05-Aug-23,6 Months,413604,05-Aug-2023,01-Feb-2024,Yes,Yes,CT India,Red Gate,899,Red Gate Software Ltd,,,,Raosaheb,0UYB1TV4ATDTOLAW,Request ID SR94205,HMT2,GE Healthcare,
109,Software,.NET Developer Bundle,NA,CTIN-810873,FAMS91141,Perpetual,2,16-Apr-18,6 Months,220655,,,Yes,No,CT Powai,Red Gate,137,Red Gate Software Ltd,,,,Integration Team,SGM5WUS10XZ8SQLG,Request ID SR75089,HMT2,Athena,Kommu Pracheen Kumar
110,Software,Commvault FEDCB Data Protection,Advance-Foundation NA,CTIN-172325,,Perpetual,50,15-May-18,Perpetual,83554,,,Yes,Yes,CT Powai,Commvault,1095,Pentagon System And Services Pvt. Ltd,,CCNF,,,VHQT7XKENSAM9T9L,,HMT1,Devita,Amit Chauhan
111,Software,.NET Developer Bundle,NA,CTIN-393843,,Perpetual,3,28-Nov-25,Perpetual,205144,,,Yes,Yes,CT Mindspace-1,Red Gate,,Red Gate Software Ltd,,Client Provided,,PS,,,HPR,Athena,
112,Software,CP Rhapsody IDE,6.4.1,CTIN-175384,,Perpetual,25,06-Oct-22,Annual,313192,,,No,Yes,CT Powai,OrionHealth,,Client Provided,,Client Provided,,Raosaheb,EY35Z3W0R5MYW608,,HMT2,Cambia,Mukesh Pandey
113,Software,Director Suite,Premium 6,CTIN-465385,,Perpetual,100,17-Oct-21,Perpetual,428131,,,Yes,No,CT Mindspace-3,Cyberlink,,Online,INV-53760,,,Integration Team,SSOOIKVWLDNHL0SN,Request ID SR26107,HLS,Athena,
114,Software,Q-S-VMDR,NA,Client Provided,FAMS29153,Perpetual,10,26-Feb-21,Perpetual,309620,,,No,Yes,CT Mindspace-1,Qualys,351,R S Consulting Services,INV-50756,,,Raosaheb,,,HPR,Cigna,
115,Software,7 Edit,Professional 2,CTIN-513115,FAMS45416,Subscription,50,09-Apr-25,Annual,235285,09-Apr-2025,06-Oct-2025,No,Yes,CT Mindspace-1,HL7,906,Embee Software Pvt Ltd,INV-34639,,,PS,6RTH2RQM46787NKE,Request ID SR79797,HMT2,Cigna,
116,Software,.NET Developer Bundle,NA,CTIN-581104,FAMS68125,Perpetual,50,16-Nov-21,6 Months,39510,,,Yes,Yes,CT Mindspace-1,Red Gate,1098,Red Gate Software Ltd,,Client Provided,,On Portal,M6GYBJDWN0RLWGOO,Request ID SR59494,HHP,Athena,Ravi Kumar  Gadwal
117,Software,Director Suite,Premium 6,CTIN-235985,,Subscription,25,06-Feb-23,Annual,33326,06-Feb-2023,05-Feb-2025,No,No,CT USA,Cyberlink,910,Online,,CCNF,,PS,CKMEQKE0Q75XUUA5,,HMT1,Cambia,
118,Software,7 Edit,Professional 2,Client Provided,FAMS31867,Subscription,100,10-Feb-18,Annual,497097,10-Feb-2018,10-Feb-2019,Yes,Yes,CT Mindspace-1,HL7,,Embee Software Pvt Ltd,,,,PS,,,HPR,UnitedHealth Group,Bhargavkumar Pottella
119,Software,7 Edit,Professional 2,CTIN-676996,FAMS57751,Perpetual,100,11-Feb-26,6 Months,271157,,,No,Yes,CT Mindspace-3,HL7,,Embee Software Pvt Ltd,INV-35240,,,,KCHGR3GIJGJV2J4P,Request ID SR62891,HMT1,Cambia,Minhwa Lee
120,Software,.NET Developer Bundle,NA,CTIN-487320,,Subscription,5,25-Oct-23,Perpetual,486886,25-Oct-2023,24-Oct-2024,No,No,CT USA,Red Gate,507,Red Gate Software Ltd,INV-24444,,,,,Request ID SR30158,HHP,GE Healthcare,Jacquelyn Ungarino
121,Software,Director Suite,Premium 6,CTIN-822789,,Perpetual,2,21-May-21,6 Months,297470,,,No,Yes,CT USA,Cyberlink,987,Online,INV-64556,,,,QTP6PO4BIT8TER2S,Request ID SR10983,HHP,Humana,Dharmesh Gohil
122,Software,Director Suite,Premium 6,CTIN-406825,FAMS27978,Subscription,2000,13-Feb-26,Annual,215145,13-Feb-2026,13-Feb-2028,No,Yes,CT USA,Cyberlink,251,Online,,,,Raosaheb,,,HHP,Devita,Vinay Bherwani
123,Software,Director Suite,Premium 6,CTIN-392178,FAMS20457,Subscription,500,01-Jun-24,Perpetual,265309,01-Jun-2024,28-Nov-2024,No,No,CT Mindspace-3,Cyberlink,715,Online,,,,,,Request ID SR48841,Functions (IT),Elevance Health,Katherine Fetter
124,Software,Director Suite,Premium 6,CTIN-445180,FAMS92335,Subscription,25,31-Jan-24,Perpetual,474488,31-Jan-2024,30-Jan-2026,No,No,CT USA,Cyberlink,160,Online,INV-14717,,,Volume Licensing Site,ZL6YGU1B7MX2TF17,Request ID SR41184,HPR,CVS Health,Deepankar Mishra
125,Software,Traqplan Timeline,NA,CTIN-557960,,Perpetual,25,21-Oct-21,Annual,326773,,,No,No,CT Mindspace-3,Traqplan,708,RALCO synergy pvt ltd,INV-30571,CCNF,,On Portal,,Request ID SR75462,HPR,Cambia,Rahul Sharma
126,Software,2FA for Jira,Commercial,CTIN-160545,FAMS62890,Subscription,2000,25-Oct-20,Perpetual,328707,25-Oct-2020,25-Oct-2022,No,No,CT Powai,Atlassian,1073,Online,INV-77465,,,Integration Team,XPV85F6MHE1HCOW6,,Functions (IT),Cigna,Amandeep Singh  Bassi
127,Software,Traqplan Timeline,NA,CTIN-469139,FAMS28798,Subscription,25,06-Jun-21,6 Months,166526,06-Jun-2021,03-Dec-2021,No,Yes,CT Mindspace-1,Traqplan,225,RALCO synergy pvt ltd,,,,,SCU2JOPQJT9P4B83,Request ID SR60493,HMT1,Athena,Bhavika Pradeep Shirodkar
128,Software,CP Rhapsody IDE,6.4.1,CTIN-421987,,Perpetual,2000,23-Jan-21,Perpetual,271525,,,Yes,Yes,CT Powai,OrionHealth,583,Client Provided,,CCNF,,PS,P741KQGNEJYQP6BI,Request ID SR43770,HPR,Elevance Health,
129,Software,7 Edit,Professional 2,CTIN-290386,FAMS68006,Perpetual,2000,19-May-19,Annual,439226,,,No,No,CT Mindspace-3,HL7,58,Embee Software Pvt Ltd,INV-79189,,,Integration Team,VIOEWYUA45E1P01X,Request ID SR86319,HMT1,Cigna,Kayla Bentz
130,Software,.NET Developer Bundle,NA,CTIN-862695,,Perpetual,2,10-Jun-25,Annual,126120,,,Yes,Yes,CT India,Red Gate,,Red Gate Software Ltd,,,,Raosaheb,B68VPJW5LJNXPZ6Q,,HMT2,Athena,Arti Mukherjee Saini
131,Software,Traqplan Timeline,NA,CTIN-234697,,Subscription,3,24-May-23,Annual,148138,24-May-2023,20-Nov-2023,Yes,Yes,CT Mindspace-3,Traqplan,1084,RALCO synergy pvt ltd,,CCNF,,Raosaheb,0H9N74ODD0X2659H,,Functions (IT),Humana,
132,Software,CP Rhapsody IDE,6.4.1,Client Provided,FAMS34380,Perpetual,10,01-Mar-21,Annual,481998,,,Yes,No,CT Mindspace-1,OrionHealth,,Client Provided,INV-72179,Client Provided,,,F2LJR0A8PB0JMT4U,Request ID SR85738,HHP,Elevance Health,Nandhini Ganesan
133,Software,Traqplan Timeline,NA,Client Provided,FAMS25874,Subscription,3,09-Jun-21,6 Months,244295,09-Jun-2021,06-Dec-2021,No,No,CT Mindspace-3,Traqplan,1208,RALCO synergy pvt ltd,,Client Provided,,PS,ADZMHNVGP343SZBJ,Request ID SR84236,HHP,Elevance Health,Srikari Penumaka
134,Software,Director Suite,Premium 6,CTIN-795496,FAMS69799,Subscription,500,28-Apr-20,6 Months,17266,28-Apr-2020,28-Apr-2021,Yes,No,CT India,Cyberlink,,Online,INV-68886,CCNF,,Raosaheb,ILSTANBBQGR9HULV,Request ID SR48253,HMT2,Athena,
135,Software,7 Edit,Professional 2,CTIN-171411,FAMS16991,Subscription,5,15-Aug-20,6 Months,368572,15-Aug-2020,11-Feb-2021,No,Yes,CT USA,HL7,700,Embee Software Pvt Ltd,,CCNF,,,,,HMT2,UnitedHealth Group,Mahesh Muktala
136,Software,Traqplan Timeline,NA,CTIN-538172,FAMS17924,Perpetual,500,28-Mar-22,Annual,276955,,,No,Yes,CT Powai,Traqplan,437,RALCO synergy pvt ltd,,Client Provided,,On Portal,XWFA6M7HEF7C6NU8,Request ID SR38515,HHP,GE Healthcare,Mahamud Sayyad
137,Software,CP Rhapsody IDE,6.4.1,Client Provided,,Subscription,1,25-Jul-20,Annual,416988,25-Jul-2020,21-Jan-2021,No,Yes,CT Powai,OrionHealth,,Client Provided,,,,Raosaheb,W1LBNHE0YU2EGIVW,,HMT1,UnitedHealth Group,Nandhini Ganesan
138,Software,CP Rhapsody IDE,6.4.1,Client Provided,FAMS17652,Perpetual,1,02-Apr-21,Annual,227009,,,No,No,CT USA,OrionHealth,,Client Provided,,,,Volume Licensing Site,,,Functions (IT),Athena,Pranav Nath Bashetty
139,Software,Commvault FEDCB Data Protection,Advance-Foundation NA,Client Provided,FAMS52815,Subscription,3,08-Mar-24,Perpetual,50606,08-Mar-2024,08-Mar-2025,No,No,CT Mindspace-1,Commvault,1359,Pentagon System And Services Pvt. Ltd,,,,,ST4QZINWU2O1VQOG,Request ID SR34666,Functions (IT),Devita,
140,Software,2FA for Jira,Commercial,CTIN-925101,FAMS71559,Subscription,500,16-Jun-18,Perpetual,190535,16-Jun-2018,15-Jun-2020,Yes,No,CT USA,Atlassian,1212,Online,INV-46701,,,On Portal,GPNDX8N4PNPW1S57,Request ID SR45392,Functions (IT),Elevance Health,Avinash Eppalapally
141,Software,Q-S-VMDR,NA,CTIN-382670,FAMS58708,Perpetual,100,13-May-24,Perpetual,228064,,,Yes,Yes,CT Mindspace-3,Qualys,,R S Consulting Services,,CCNF,,Raosaheb,KRKGKT6WD2H858IR,Request ID SR49272,HMT1,UnitedHealth Group,Tejas Pawar
142,Software,Commvault FEDCB Data Protection,Advance-Foundation NA,CTIN-461287,FAMS82840,Perpetual,100,05-Feb-25,6 Months,388181,,,No,No,CT India,Commvault,,Pentagon System And Services Pvt. Ltd,,,,Integration Team,38COJXQQEF11A7U8,,HPR,Humana,Navyanth Kumar Bhupathi
143,Software,Q-S-VMDR,NA,Client Provided,,Perpetual,50,25-Feb-26,6 Months,153359,,,No,Yes,CT USA,Qualys,552,R S Consulting Services,INV-54924,,,Integration Team,HBCY1A3RE2N0UP6N,Request ID SR44883,HMT2,Elevance Health,
144,Software,Traqplan Timeline,NA,CTIN-478657,,Perpetual,50,08-May-21,Perpetual,7559,,,No,No,CT Mindspace-3,Traqplan,874,RALCO synergy pvt ltd,INV-58239,Client Provided,,Raosaheb,O4F1HN291XOWQR0N,Request ID SR86632,Functions (IT),Athena,Rahul Chetwani
145,Software,Traqplan Timeline,NA,CTIN-480165,FAMS46315,Perpetual,100,16-Nov-22,6 Months,240918,,,No,No,CT Mindspace-1,Traqplan,70,RALCO synergy pvt ltd,,,,,I1CYH0DEB73QTNKN,Request ID SR17995,Functions (IT),Elevance Health,Fauzia Dinesh
146,Software,Director Suite,Premium 6,CTIN-744773,FAMS58047,Perpetual,10,22-Jul-19,6 Months,47879,,,No,No,CT Mindspace-3,Cyberlink,184,Online,INV-46120,,,Integration Team,LBQXOYQX6372O3LZ,,HMT1,Devita,Harshal Deolekar
147,Software,Commvault FEDCB Data Protection,Advance-Foundation NA,CTIN-610133,FAMS67054,Subscription,5,13-Dec-22,Annual,35215,13-Dec-2022,11-Jun-2023,Yes,Yes,CT India,Commvault,999,Pentagon System And Services Pvt. Ltd,,,,Raosaheb,,,HLS,UnitedHealth Group,Baljeet Singh
148,Software,CP Rhapsody IDE,6.4.1,CTIN-891221,FAMS20916,Subscription,50,29-May-19,Perpetual,41422,29-May-2019,28-May-2021,No,Yes,CT India,OrionHealth,287,Client Provided,INV-47565,CCNF,,Volume Licensing Site,,Request ID SR58520,HPR,Devita,Rajiv Kumar  Singh
149,Software,CP Rhapsody IDE,6.4.1,CTIN-123234,FAMS87409,Perpetual,2,17-Aug-21,Annual,93995,,,Yes,Yes,CT USA,OrionHealth,473,Client Provided,INV-28804,,,Integration Team,,,HLS,Kaiser Permanente,
150,Software,Commvault FEDCB Data Protection,Advance-Foundation NA,CTIN-713939,,Subscription,5,10-Aug-19,Annual,358250,10-Aug-2019,09-Aug-2021,No,No,CT India,Commvault,,Pentagon System And Services Pvt. Ltd,INV-79424,,,Integration Team,,Request ID SR35712,HPR,Cigna,Tushar Sharma
151,Software,CP Rhapsody IDE,6.4.1,CTIN-280677,FAMS84843,Subscription,10,06-Jul-21,Perpetual,6611,06-Jul-2021,06-Jul-2023,No,No,CT Mindspace-3,OrionHealth,953,Client Provided,,,,Raosaheb,5FRM70NJ3FPNQ5AU,,HMT1,Athena,
152,Software,CP Rhapsody IDE,6.4.1,CTIN-820646,,Perpetual,2,19-Aug-23,Annual,101444,,,Yes,No,CT Mindspace-1,OrionHealth,872,Client Provided,,,,Volume Licensing Site,RGG5VQDO5YTWUHDO,Request ID SR63421,HMT2,Devita,Hemant Patel
153,Software,CP Rhapsody IDE,6.4.1,Client Provided,,Subscription,25,01-Sep-19,6 Months,454642,01-Sep-2019,31-Aug-2021,Yes,Yes,CT Mindspace-1,OrionHealth,,Client Provided,,,,Integration Team,STCIL1FEE06MDQ6L,,HPR,Devita,Nicole Boyer
154,Software,CP Rhapsody IDE,6.4.1,CTIN-601854,,Perpetual,3,09-Dec-21,Annual,145108,,,Yes,No,CT Powai,OrionHealth,1186,Client Provided,,,,,H11K1UZ130WOPOF7,,HMT1,CVS Health,Udit Chopra
155,Software,2FA for Jira,Commercial,Client Provided,FAMS65923,Subscription,100,22-May-25,6 Months,196116,22-May-2025,22-May-2026,No,Yes,CT USA,Atlassian,512,Online,,,,Volume Licensing Site,XNGPNJLKDW206DK3,Request ID SR36010,HMT1,GE Healthcare,
156,Software,2FA for Jira,Commercial,CTIN-955700,FAMS40565,Perpetual,500,14-Nov-24,Perpetual,146591,,,Yes,Yes,CT USA,Atlassian,420,Online,INV-67211,Client Provided,,PS,,Request ID SR93030,HLS,Cambia,Chaitanya Nandamuri
157,Software,.NET Developer Bundle,NA,CTIN-546571,FAMS65697,Subscription,2000,26-Mar-24,Annual,30930,26-Mar-2024,26-Mar-2025,Yes,No,CT Mindspace-3,Red Gate,1180,Red Gate Software Ltd,INV-15446,,,PS,DYF0A3FFMY1ULEBR,,HMT1,Kaiser Permanente,Bhooshan Sapre
158,Software,Commvault FEDCB Data Protection,Advance-Foundation NA,Client Provided,FAMS62742,Perpetual,50,02-Feb-23,Perpetual,347458,,,Yes,No,CT Powai,Commvault,,Pentagon System And Services Pvt. Ltd,,Client Provided,,Integration Team,A5S2R45RX2HQHMOW,Request ID SR69527,HPR,Cigna,
159,Software,.NET Developer Bundle,NA,Client Provided,FAMS53086,Subscription,2,07-Jun-19,Perpetual,17771,07-Jun-2019,06-Jun-2020,Yes,No,CT Mindspace-1,Red Gate,,Red Gate Software Ltd,,Client Provided,,PS,,Request ID SR68381,HMT1,Kaiser Permanente,Mike Jones
160,Software,CP Rhapsody IDE,6.4.1,CTIN-535086,FAMS21213,Perpetual,1,07-Feb-19,6 Months,49014,,,Yes,Yes,CT Mindspace-3,OrionHealth,138,Client Provided,,Client Provided,,,BFMPQ3V9FF3MT5OW,Request ID SR35233,HPR,GE Healthcare,Chintan Mehta
161,Software,Director Suite,Premium 6,Client Provided,,Subscription,100,31-Dec-21,Perpetual,409422,31-Dec-2021,31-Dec-2022,Yes,No,CT Powai,Cyberlink,,Online,,,,Raosaheb,,,HPR,GE Healthcare,Madison Buenaventura
162,Software,Director Suite,Premium 6,CTIN-180883,FAMS86958,Perpetual,10,15-Mar-19,6 Months,483878,,,Yes,No,CT India,Cyberlink,663,Online,INV-44423,,,Volume Licensing Site,,Request ID SR36814,HMT2,Kaiser Permanente,Radhika Annamneni
163,Software,Q-S-VMDR,NA,CTIN-276016,FAMS14450,Subscription,50,19-May-24,Annual,242360,19-May-2024,19-May-2026,Yes,Yes,CT Mindspace-3,Qualys,,R S Consulting Services,,Client Provided,,,F15GNIXW8LF9B7FS,,Functions (IT),Cambia,Deepthi Bodavula
164,Software,2FA for Jira,Commercial,CTIN-290715,,Perpetual,3,05-Aug-18,6 Months,20185,,,Yes,Yes,CT Mindspace-3,Atlassian,69,Online,,CCNF,,,WEVK0Q135C7SF6Q8,Request ID SR46387,HLS,Kaiser Permanente,Vicki Lyn Cranford
165,Software,.NET Developer Bundle,NA,Client Provided,FAMS10386,Perpetual,1,02-Jul-21,Annual,278108,,,Yes,No,CT USA,Red Gate,1430,Red Gate Software Ltd,,Client Provided,,On Portal,FS4SD2SV24EPXB4M,Request ID SR30816,HPR,Cambia,Sandeep M
166,Software,Director Suite,Premium 6,CTIN-626021,FAMS45875,Perpetual,2000,08-Apr-19,Annual,268893,,,No,Yes,CT Powai,Cyberlink,221,Online,,,,Volume Licensing Site,7C9G5KMI2OK1C9X2,Request ID SR53606,HMT2,CVS Health,Deborah A Berry
167,Software,Traqplan Timeline,NA,CTIN-388838,,Perpetual,2,30-Dec-25,Perpetual,240355,,,No,No,CT India,Traqplan,,RALCO synergy pvt ltd,INV-12101,,,Raosaheb,D6U7G1Z85FD0CCWF,,HLS,Elevance Health,Anand Jujjavarapu
168,Software,Q-S-VMDR,NA,CTIN-144265,FAMS18472,Perpetual,25,28-Aug-23,6 Months,415217,,,Yes,No,CT Powai,Qualys,,R S Consulting Services,INV-66962,CCNF,,PS,K7HMF9IWMP098P7X,Request ID SR15105,HHP,Humana,
169,Software,Director Suite,Premium 6,CTIN-529413,,Perpetual,100,22-Apr-24,6 Months,441751,,,Yes,No,CT India,Cyberlink,,Online,,CCNF,,Integration Team,40XTT8JBYBPNG1V0,,HMT2,Cigna,
170,Software,Traqplan Timeline,NA,Client Provided,FAMS93796,Perpetual,25,07-Feb-19,Perpetual,68375,,,No,Yes,CT Mindspace-1,Traqplan,56,RALCO synergy pvt ltd,INV-40715,CCNF,,Raosaheb,Q25U47TMCE3L212I,Request ID SR28102,HMT1,Athena,Vruushali Raut
171,Software,Commvault FEDCB Data Protection,Advance-Foundation NA,CTIN-117461,,Subscription,3,03-Apr-25,6 Months,366133,03-Apr-2025,03-Apr-2026,Yes,No,CT Mindspace-3,Commvault,390,Pentagon System And Services Pvt. Ltd,INV-54183,,,Volume Licensing Site,WBSQIHEICFJAWH2N,Request ID SR64943,HPR,Humana,Gayatri Inguva
172,Software,CP Rhapsody IDE,6.4.1,CTIN-889571,FAMS22432,Subscription,10,20-Apr-18,6 Months,235505,20-Apr-2018,19-Apr-2020,Yes,Yes,CT Mindspace-3,OrionHealth,,Client Provided,,Client Provided,,PS,FNPTNV45A9YWW04G,Request ID SR89974,Functions (IT),GE Healthcare,Mani Krishna Devavarapu
173,Software,Director Suite,Premium 6,CTIN-111401,FAMS55396,Subscription,5,02-Aug-18,Annual,454540,02-Aug-2018,01-Aug-2020,No,Yes,CT India,Cyberlink,748,Online,,,,Raosaheb,SA8PJHULA51XCM68,,HLS,Elevance Health,Harshal Deolekar
174,Software,7 Edit,Professional 2,CTIN-319282,FAMS56078,Subscription,25,12-Aug-19,Annual,418131,12-Aug-2019,11-Aug-2020,No,No,CT India,HL7,,Embee Software Pvt Ltd,INV-99677,CCNF,,Raosaheb,5NWEPW43BZ3VBEPP,Request ID SR46539,Functions (IT),GE Healthcare,
175,Software,Director Suite,Premium 6,CTIN-266580,FAMS55950,Perpetual,100,08-Aug-25,Perpetual,206113,,,No,No,CT India,Cyberlink,,Online,,CCNF,,Raosaheb,,,HLS,Kaiser Permanente,Kajal Sharma
176,Software,Traqplan Timeline,NA,CTIN-545738,,Perpetual,25,31-May-21,6 Months,454682,,,No,No,CT India,Traqplan,1272,RALCO synergy pvt ltd,,CCNF,,Raosaheb,PZUXDSFHB15VU3X0,,Functions (IT),Humana,Jayprakash Yadav
177,Software,Director Suite,Premium 6,CTIN-237164,FAMS76764,Subscription,50,28-Apr-24,Perpetual,374743,28-Apr-2024,25-Oct-2024,Yes,No,CT Powai,Cyberlink,479,Online,INV-71846,,,Raosaheb,1OC1ELTZ6PRLDOXP,Request ID SR50751,HHP,Athena,Shashi Kiran Kommera
178,Software,Director Suite,Premium 6,CTIN-515166,FAMS98285,Perpetual,10,08-Aug-24,6 Months,129279,,,Yes,No,CT Mindspace-3,Cyberlink,1400,Online,INV-18158,,,On Portal,4IHHFMTZ4CJDPLRB,,HLS,Athena,Nelson Nagnur
179,Software,Q-S-VMDR,NA,Client Provided,FAMS21089,Subscription,3,20-Nov-25,6 Months,139264,20-Nov-2025,20-Nov-2027,Yes,No,CT Mindspace-3,Qualys,107,R S Consulting Services,,,,Volume Licensing Site,OVDL73W5OJWCDLZD,,HHP,Kaiser Permanente,Sri Ramesh Podugu
180,Software,Traqplan Timeline,NA,CTIN-705425,FAMS15628,Subscription,2,01-Sep-18,6 Months,154220,01-Sep-2018,28-Feb-2019,Yes,No,CT USA,Traqplan,486,RALCO synergy pvt ltd,INV-68034,,,,I2CKCICT4A6MJ9AX,Request ID SR57701,HMT2,UnitedHealth Group,Bhavya Banga
181,Software,Director Suite,Premium 6,CTIN-940124,,Subscription,1,10-Feb-25,6 Months,115104,10-Feb-2025,10-Feb-2027,Yes,No,CT USA,Cyberlink,92,Online,,CCNF,,,6EY6HXXSXRCQN43Z,Request ID SR64296,HMT1,Cigna,Katherine Fetter
182,Software,Commvault FEDCB Data Protection,Advance-Foundation NA,CTIN-543496,FAMS18854,Perpetual,5,19-Jul-18,Annual,92511,,,Yes,Yes,CT India,Commvault,,Pentagon System And Services Pvt. Ltd,,Client Provided,,,FIGNMJQ8AVZMPWY0,Request ID SR32132,Functions (IT),CVS Health,
183,Software,Q-S-VMDR,NA,Client Provided,,Perpetual,100,23-Apr-24,Perpetual,475821,,,Yes,No,CT Powai,Qualys,296,R S Consulting Services,,Client Provided,,PS,U0ZF4N06CGLNEWJ5,Request ID SR86563,HMT1,GE Healthcare,Jernisha Jerome
184,Software,Traqplan Timeline,NA,Client Provided,FAMS17704,Subscription,2,20-Mar-21,6 Months,451530,20-Mar-2021,20-Mar-2022,Yes,Yes,CT India,Traqplan,,RALCO synergy pvt ltd,,Client Provided,,On Portal,,Request ID SR75792,HHP,Devita,Sandeep M
185,Software,Commvault FEDCB Data Protection,Advance-Foundation NA,CTIN-852846,FAMS85716,Perpetual,2000,14-Jul-24,6 Months,161102,,,No,No,CT Powai,Commvault,613,Pentagon System And Services Pvt. Ltd,INV-11091,,,Raosaheb,0FKDRG4QHPLON54F,,HLS,Humana,Nandhini Ganesan
186,Software,.NET Developer Bundle,NA,Client Provided,FAMS42740,Perpetual,50,21-Dec-23,6 Months,66805,,,Yes,No,CT USA,Red Gate,,Red Gate Software Ltd,,CCNF,,Raosaheb,,,HMT1,GE Healthcare,
187,Software,Traqplan Timeline,NA,CTIN-891552,FAMS77530,Perpetual,10,06-Feb-23,Annual,128747,,,Yes,No,CT India,Traqplan,164,RALCO synergy pvt ltd,INV-37918,,,,,,HLS,UnitedHealth Group,
188,Software,Q-S-VMDR,NA,CTIN-834900,FAMS34349,Subscription,10,30-Jul-18,Perpetual,460319,30-Jul-2018,29-Jul-2020,No,No,CT Powai,Qualys,1115,R S Consulting Services,INV-16627,,,Integration Team,SS9QZB8VBS5NAQN8,Request ID SR69067,Functions (IT),UnitedHealth Group,
189,Software,7 Edit,Professional 2,CTIN-267903,FAMS57910,Perpetual,5,26-Jun-21,Perpetual,104833,,,No,Yes,CT Powai,HL7,,Embee Software Pvt Ltd,INV-17406,CCNF,,On Portal,NSDB3ARGS20VFCAZ,Request ID SR54384,Functions (IT),Cigna,Vikas Tamrakar
190,Software,2FA for Jira,Commercial,Client Provided,FAMS46710,Perpetual,3,12-Sep-24,6 Months,28780,,,No,No,CT Mindspace-1,Atlassian,550,Online,INV-79256,Client Provided,,On Portal,,Request ID SR24813,HMT1,GE Healthcare,Sreekanth  Kotapati
191,Software,.NET Developer Bundle,NA,CTIN-537889,FAMS57344,Subscription,500,28-Aug-19,Perpetual,391459,28-Aug-2019,27-Aug-2020,No,No,CT India,Red Gate,318,Red Gate Software Ltd,INV-69631,CCNF,,,,Request ID SR60276,Functions (IT),Elevance Health,
192,Software,Commvault FEDCB Data Protection,Advance-Foundation NA,CTIN-443268,FAMS12977,Perpetual,100,07-Jul-21,6 Months,225610,,,No,Yes,CT Mindspace-3,Commvault,1285,Pentagon System And Services Pvt. Ltd,,Client Provided,,On Portal,ULSLBFHGUDPRU36Y,,HPR,Cigna,
193,Software,Traqplan Timeline,NA,CTIN-427648,,Perpetual,2,03-Jul-20,Annual,163927,,,No,Yes,CT USA,Traqplan,,RALCO synergy pvt ltd,,Client Provided,,PS,X6FG68JURR7W46GY,Request ID SR47079,HMT1,UnitedHealth Group,Sandhya Goud Nandigam
194,Software,Q-S-VMDR,NA,Client Provided,FAMS97059,Perpetual,2,11-Aug-18,Annual,267135,,,Yes,No,CT USA,Qualys,607,R S Consulting Services,INV-27696,,,On Portal,0AS0ZIYCI1C8H1FU,Request ID SR35929,HPR,Kaiser Permanente,
195,Software,.NET Developer Bundle,NA,Client Provided,FAMS27969,Perpetual,1,13-Mar-23,Annual,62733,,,No,No,CT India,Red Gate,1207,Red Gate Software Ltd,,,,Integration Team,2TBAU51KDJK684FI,,HLS,Cambia,Praneeth Reddy Peddi
196,Software,Director Suite,Premium 6,CTIN-845962,FAMS37431,Subscription,5,01-Sep-22,Annual,104221,01-Sep-2022,28-Feb-2023,Yes,Yes,CT USA,Cyberlink,,Online,INV-18096,CCNF,,Raosaheb,P39L83M8J35FIOFT,,HMT1,Cambia,Abhishek Sharma
197,Software,Director Suite,Premium 6,CTIN-302864,FAMS42065,Perpetual,1,25-Jul-22,Annual,475633,,,Yes,Yes,CT Mindspace-3,Cyberlink,805,Online,INV-96754,,,PS,,Request ID SR39554,Functions (IT),UnitedHealth Group,Adarsh Sharma
198,Software,Commvault FEDCB Data Protection,Advance-Foundation NA,CTIN-443603,FAMS35849,Subscription,25,01-Oct-19,Perpetual,424463,01-Oct-2019,29-Mar-2020,No,No,CT USA,Commvault,,Pentagon System And Services Pvt. Ltd,INV-40341,,,Raosaheb,,Request ID SR47729,HPR,Athena,Amber Williams
199,Software,2FA for Jira,Commercial,CTIN-214998,FAMS47221,Subscription,1,11-Feb-18,6 Months,225811,11-Feb-2018,11-Feb-2020,Yes,Yes,CT Mindspace-3,Atlassian,542,Online,INV-61786,Client Provided,,Raosaheb,YQUMXEVMACDPCG9F,,HLS,Devita,
200,Software,.NET Developer Bundle,NA,CTIN-123365,FAMS32670,Subscription,2000,08-Nov-22,6 Months,119795,08-Nov-2022,08-Nov-2023,No,No,CT Mindspace-3,Red Gate,714,Red Gate Software Ltd,INV-19782,Client Provided,,PS,,,HMT2,Cambia,
201,Software,Commvault FEDCB Data Protection,Advance-Foundation NA,CTIN-673552,FAMS35579,Perpetual,50,23-Jan-23,Perpetual,26554,,,Yes,Yes,CT Powai,Commvault,,Pentagon System And Services Pvt. Ltd,,Client Provided,,Raosaheb,VKW99S23IN6H1WJG,Request ID SR52622,HMT1,GE Healthcare,Sai Charan Gunji
202,Software,Q-S-VMDR,NA,Client Provided,FAMS75819,Perpetual,5,23-Oct-23,Perpetual,224982,,,No,Yes,CT Mindspace-3,Qualys,,R S Consulting Services,INV-38353,CCNF,,,NKBAD38R1JOOOLVX,Request ID SR29372,HHP,Athena,Julie Schipper
203,Software,.NET Developer Bundle,NA,Client Provided,FAMS46330,Subscription,1,16-Mar-24,Annual,227498,16-Mar-2024,16-Mar-2026,No,Yes,CT Powai,Red Gate,1005,Red Gate Software Ltd,INV-67892,,,,MFDZFAHEQH7IRHAI,Request ID SR69882,HPR,GE Healthcare,
204,Software,Director Suite,Premium 6,CTIN-177328,,Perpetual,50,14-Dec-24,Perpetual,332678,,,Yes,No,CT India,Cyberlink,1351,Online,,,,Raosaheb,,,HHP,Athena,Aneeta Mahalik
205,Software,2FA for Jira,Commercial,CTIN-434494,FAMS82896,Subscription,3,09-Feb-22,Perpetual,26112,09-Feb-2022,09-Feb-2023,No,Yes,CT Powai,Atlassian,665,Online,,Client Provided,,Volume Licensing Site,,,HMT2,Humana,
206,Software,.NET Developer Bundle,NA,CTIN-237102,FAMS40814,Perpetual,10,20-Nov-23,6 Months,72918,,,Yes,Yes,CT USA,Red Gate,1255,Red Gate Software Ltd,INV-73348,Client Provided,,PS,OW5Z6AO6U9JJ6DHT,,HMT1,UnitedHealth Group,Komal Sunil Tannu
207,Software,Q-S-VMDR,NA,CTIN-800941,FAMS45994,Perpetual,1,04-Jun-20,6 Months,495662,,,Yes,No,CT Mindspace-1,Qualys,1148,R S Consulting Services,,CCNF,,PS,42KUUFN85WGGNGGJ,,HMT2,UnitedHealth Group,Praveen Mareddi
208,Software,2FA for Jira,Commercial,CTIN-343623,,Perpetual,3,07-Feb-23,Perpetual,301107,,,Yes,Yes,CT USA,Atlassian,111,Online,INV-66930,CCNF,,PS,VB97ELJJIWU7JU8B,,HMT2,UnitedHealth Group,
209,Software,CP Rhapsody IDE,6.4.1,CTIN-253958,,Perpetual,2,21-Oct-22,Annual,395492,,,No,No,CT India,OrionHealth,1349,Client Provided,,,,Volume Licensing Site,ZSEN5SSNKZ50GFX4,Request ID SR86183,HMT2,Athena,Rishabh Rajesh Dabhade
210,Software,Q-S-VMDR,NA,CTIN-614009,,Subscription,25,10-May-18,Perpetual,281133,10-May-2018,06-Nov-2018,No,No,CT Mindspace-3,Qualys,,R S Consulting Services,INV-10935,CCNF,,Integration Team,LXAMW81OE35QTN3R,,HLS,Kaiser Permanente,Kendal Piazza
211,Software,2FA for Jira,Commercial,CTIN-538310,FAMS38580,Perpetual,2,08-Jan-19,Annual,468392,,,Yes,Yes,CT Mindspace-3,Atlassian,425,Online,INV-12345,CCNF,,,,Request ID SR42475,HPR,Cigna,
212,Software,7 Edit,Professional 2,CTIN-690892,FAMS35150,Subscription,100,14-Mar-21,Perpetual,254115,14-Mar-2021,10-Sep-2021,No,Yes,CT Mindspace-3,HL7,833,Embee Software Pvt Ltd,,Client Provided,,Volume Licensing Site,YD9QYOAQGCD8F27D,Request ID SR83123,HHP,Kaiser Permanente,
213,Software,.NET Developer Bundle,NA,CTIN-580108,FAMS74432,Subscription,3,15-Jan-19,6 Months,300201,15-Jan-2019,15-Jan-2020,No,Yes,CT Mindspace-1,Red Gate,906,Red Gate Software Ltd,,Client Provided,,Volume Licensing Site,L5TPA48WH0GAXDEP,,Functions (IT),Humana,
214,Software,.NET Developer Bundle,NA,Client Provided,FAMS95932,Subscription,5,13-Jan-26,6 Months,101861,13-Jan-2026,12-Jul-2026,No,Yes,CT Mindspace-1,Red Gate,1479,Red Gate Software Ltd,,Client Provided,,,7069AEW1WVOQULMN,,Functions (IT),Cambia,Rishabh Rajesh Dabhade
215,Software,CP Rhapsody IDE,6.4.1,CTIN-793394,FAMS41323,Perpetual,25,26-Sep-23,Perpetual,35896,,,Yes,No,CT Mindspace-3,OrionHealth,53,Client Provided,,,,On Portal,ZQ0I1QOBB3FW9KIW,Request ID SR45071,HMT1,Elevance Health,Hrishikesh Borkar
216,Software,2FA for Jira,Commercial,CTIN-839077,FAMS43629,Perpetual,10,29-Jul-21,6 Months,482958,,,No,Yes,CT Mindspace-3,Atlassian,5,Online,,,,,,Request ID SR77599,HLS,Athena,Saket Verma
217,Software,Traqplan Timeline,NA,CTIN-248746,,Perpetual,500,11-Dec-24,6 Months,479717,,,No,No,CT India,Traqplan,,RALCO synergy pvt ltd,INV-53987,Client Provided,,Integration Team,30QSNW8EWLPKAGQL,Request ID SR32912,HPR,GE Healthcare,Shashank Pasula
218,Software,Commvault FEDCB Data Protection,Advance-Foundation NA,CTIN-231784,,Perpetual,5,06-Jun-20,6 Months,122975,,,No,No,CT Mindspace-1,Commvault,766,Pentagon System And Services Pvt. Ltd,,,,Integration Team,XUGGLI4Y8D243QPV,Request ID SR72755,Functions (IT),Cambia,Harshal Deolekar
219,Software,Commvault FEDCB Data Protection,Advance-Foundation NA,CTIN-944130,,Perpetual,25,01-Jun-22,Annual,369859,,,No,No,CT Mindspace-1,Commvault,,Pentagon System And Services Pvt. Ltd,,,,Raosaheb,MZFFF6OI067PHFNF,Request ID SR34386,HMT2,UnitedHealth Group,Dhanshri Kantilal Ghule
220,Software,.NET Developer Bundle,NA,Client Provided,FAMS89979,Perpetual,2000,11-Feb-23,Annual,37968,,,No,No,CT USA,Red Gate,1305,Red Gate Software Ltd,,,,,,,HMT2,GE Healthcare,Durga Prasanth Vanapalli
221,Software,Director Suite,Premium 6,CTIN-430756,FAMS25939,Perpetual,2,08-Jul-21,6 Months,55546,,,No,Yes,CT USA,Cyberlink,,Online,INV-69158,,,PS,FPR4WB720J43FZQV,Request ID SR80106,HHP,Devita,Sudalai  Pitchai
222,Software,CP Rhapsody IDE,6.4.1,CTIN-168317,FAMS92669,Perpetual,1,10-Oct-18,6 Months,17850,,,Yes,Yes,CT India,OrionHealth,471,Client Provided,,,,On Portal,14KIK8MQSVZKQJFJ,Request ID SR28408,Functions (IT),Athena,Ashutosh Tiwari
223,Software,Commvault FEDCB Data Protection,Advance-Foundation NA,CTIN-729388,FAMS92150,Subscription,3,27-Apr-22,6 Months,44023,27-Apr-2022,26-Apr-2024,No,Yes,CT USA,Commvault,218,Pentagon System And Services Pvt. Ltd,,,,On Portal,KJPXI4RWIZGRMJDM,,HMT2,Humana,
224,Software,.NET Developer Bundle,NA,Client Provided,,Perpetual,50,07-Oct-18,Annual,421966,,,No,Yes,CT Mindspace-1,Red Gate,94,Red Gate Software Ltd,,Client Provided,,On Portal,,Request ID SR84898,HHP,Kaiser Permanente,
225,Software,CP Rhapsody IDE,6.4.1,Client Provided,FAMS70464,Perpetual,1,20-Apr-23,Annual,193303,,,Yes,No,CT USA,OrionHealth,40,Client Provided,,Client Provided,,,XK669LACCIFEZDPB,Request ID SR26581,HPR,Devita,Rishikesh Pange
226,Software,.NET Developer Bundle,NA,CTIN-862334,FAMS72211,Subscription,50,06-Apr-22,Perpetual,307851,06-Apr-2022,05-Apr-2024,Yes,No,CT Mindspace-3,Red Gate,426,Red Gate Software Ltd,INV-22641,,,Integration Team,,Request ID SR95554,HMT1,Devita,
227,Software,Traqplan Timeline,NA,CTIN-491723,,Perpetual,2000,01-Jun-19,6 Months,424036,,,No,No,CT USA,Traqplan,1324,RALCO synergy pvt ltd,,CCNF,,Integration Team,8P5ODXEC1RWSSEWC,,HLS,Devita,Bhavya Banga
228,Software,.NET Developer Bundle,NA,CTIN-642004,FAMS87615,Subscription,25,17-Feb-25,Annual,397052,17-Feb-2025,16-Aug-2025,No,Yes,CT USA,Red Gate,,Red Gate Software Ltd,,CCNF,,Integration Team,,,HHP,Humana,Anusha  Cherukula
229,Software,CP Rhapsody IDE,6.4.1,CTIN-352864,FAMS69464,Perpetual,5,10-Apr-20,6 Months,222451,,,No,No,CT USA,OrionHealth,1189,Client Provided,,,,,AYQ5NKRO9OU9R840,Request ID SR55215,HLS,Elevance Health,Michael Vaughn
230,Software,7 Edit,Professional 2,CTIN-539782,FAMS79775,Subscription,25,08-May-19,6 Months,252465,08-May-2019,07-May-2020,Yes,No,CT India,HL7,337,Embee Software Pvt Ltd,INV-75820,Client Provided,,Volume Licensing Site,,Request ID SR80586,Functions (IT),Cambia,Sumit Bhardwaj
231,Software,Director Suite,Premium 6,CTIN-637268,FAMS53029,Perpetual,2000,27-Nov-25,Annual,457305,,,Yes,Yes,CT Powai,Cyberlink,983,Online,INV-51160,CCNF,,Integration Team,PVEGTSFB68E41ZR8,Request ID SR12424,HPR,Elevance Health,Chaitanya Maruthi
232,Software,7 Edit,Professional 2,CTIN-588665,FAMS58815,Subscription,5,18-Apr-23,Perpetual,259687,18-Apr-2023,17-Apr-2024,No,Yes,CT Powai,HL7,537,Embee Software Pvt Ltd,,Client Provided,,Integration Team,435UERB3YKQ2CDKB,Request ID SR17819,HMT2,Devita,
233,Software,.NET Developer Bundle,NA,CTIN-756117,FAMS23774,Subscription,100,14-Aug-23,Perpetual,98526,14-Aug-2023,13-Aug-2025,No,Yes,CT USA,Red Gate,819,Red Gate Software Ltd,,,,Raosaheb,4EXU1BI7779QWE19,,HHP,Devita,Maria Amana Saveriyar
234,Software,Director Suite,Premium 6,CTIN-598478,FAMS14354,Subscription,100,13-Nov-18,Perpetual,109603,13-Nov-2018,13-Nov-2019,No,No,CT Mindspace-3,Cyberlink,1039,Online,,CCNF,,On Portal,KC54ENKIK137P65D,Request ID SR93287,HMT1,UnitedHealth Group,Nicole Boyer
235,Software,Director Suite,Premium 6,CTIN-715621,FAMS44544,Subscription,500,18-Jun-19,Perpetual,259696,18-Jun-2019,15-Dec-2019,No,Yes,CT India,Cyberlink,43,Online,,,,On Portal,,Request ID SR32525,HMT2,GE Healthcare,Pallav Shukla
236,Software,Commvault FEDCB Data Protection,Advance-Foundation NA,CTIN-408151,FAMS19563,Subscription,100,01-Dec-25,6 Months,7667,01-Dec-2025,01-Dec-2026,No,Yes,CT USA,Commvault,1352,Pentagon System And Services Pvt. Ltd,,,,Raosaheb,YXQ46IFQSPBGVACG,Request ID SR34132,HPR,UnitedHealth Group,
237,Software,7 Edit,Professional 2,CTIN-171690,FAMS88924,Subscription,2,11-Apr-21,6 Months,470119,11-Apr-2021,11-Apr-2022,No,No,CT Mindspace-3,HL7,271,Embee Software Pvt Ltd,,Client Provided,,PS,UT1W0RJ8MJGJ3DRC,Request ID SR88962,HMT2,Humana,Aditya Shetty
238,Software,.NET Developer Bundle,NA,CTIN-199656,FAMS19249,Perpetual,10,29-Jun-18,6 Months,317373,,,No,Yes,CT Powai,Red Gate,316,Red Gate Software Ltd,,,,,QRSB7UK5RYRG2CZ3,,HHP,GE Healthcare,Manikanta Jakkam Setty
239,Software,Director Suite,Premium 6,CTIN-398970,,Perpetual,10,22-May-19,Perpetual,361254,,,No,No,CT Mindspace-1,Cyberlink,182,Online,INV-34085,Client Provided,,,F6MFY897YDL85DVI,,Functions (IT),Devita,Kamala Rasagna Tenneti
240,Software,Director Suite,Premium 6,CTIN-708753,FAMS95763,Subscription,50,06-Feb-22,Annual,94925,06-Feb-2022,06-Feb-2023,No,No,CT USA,Cyberlink,,Online,INV-15321,,,Integration Team,JBQUBXKXGIZEBV1H,Request ID SR90259,HHP,UnitedHealth Group,Sai Ramya Maddini
241,Software,Commvault FEDCB Data Protection,Advance-Foundation NA,CTIN-929048,FAMS20405,Perpetual,1,20-Oct-19,Perpetual,462208,,,Yes,No,CT Mindspace-1,Commvault,,Pentagon System And Services Pvt. Ltd,,CCNF,,,L7OWR14O1O9WDYTR,Request ID SR45810,HMT1,Devita,
242,Software,Traqplan Timeline,NA,CTIN-675850,FAMS41197,Perpetual,25,27-Jul-23,Perpetual,323278,,,No,Yes,CT India,Traqplan,996,RALCO synergy pvt ltd,,,,Raosaheb,,Request ID SR99513,HMT2,Cambia,
243,Software,Q-S-VMDR,NA,Client Provided,FAMS60103,Perpetual,3,21-Feb-23,6 Months,377590,,,No,No,CT India,Qualys,1285,R S Consulting Services,,Client Provided,,Integration Team,676MMK2ZGK0FK9BC,Request ID SR77674,HMT2,GE Healthcare,Hrishikesh Borkar
244,Software,Commvault FEDCB Data Protection,Advance-Foundation NA,CTIN-679955,FAMS44528,Perpetual,10,10-Aug-20,Annual,370507,,,No,No,CT USA,Commvault,1379,Pentagon System And Services Pvt. Ltd,INV-47363,,,PS,JJBQA4TTUG7UHDZN,,Functions (IT),Devita,Avinash Eppalapally
245,Software,Q-S-VMDR,NA,CTIN-964366,FAMS63414,Subscription,2000,02-Aug-18,6 Months,494293,02-Aug-2018,29-Jan-2019,No,No,CT Mindspace-1,Qualys,1050,R S Consulting Services,,,,On Portal,92757XOTMXG4LM13,Request ID SR14922,HHP,Athena,Yogesh Parte
246,Software,2FA for Jira,Commercial,CTIN-464716,FAMS64823,Subscription,10,14-Oct-20,6 Months,269573,14-Oct-2020,14-Oct-2022,No,Yes,CT Powai,Atlassian,786,Online,,CCNF,,Raosaheb,,,HLS,GE Healthcare,
247,Software,Commvault FEDCB Data Protection,Advance-Foundation NA,CTIN-410633,FAMS76519,Subscription,100,09-Sep-24,Annual,115799,09-Sep-2024,08-Mar-2025,Yes,Yes,CT India,Commvault,,Pentagon System And Services Pvt. Ltd,INV-68359,Client Provided,,Raosaheb,7DSYM7E7D0UY750R,Request ID SR65852,Functions (IT),Athena,Sushil Suresh Shah
248,Software,Director Suite,Premium 6,CTIN-605331,FAMS73651,Perpetual,3,31-May-25,6 Months,107911,,,No,No,CT Mindspace-3,Cyberlink,998,Online,INV-74773,,,On Portal,,,HMT1,Devita,
249,Software,Commvault FEDCB Data Protection,Advance-Foundation NA,CTIN-401215,FAMS36554,Subscription,50,25-Oct-18,Perpetual,262205,25-Oct-2018,24-Oct-2020,Yes,No,CT Powai,Commvault,177,Pentagon System And Services Pvt. Ltd,,,,Raosaheb,,Request ID SR46379,Functions (IT),Elevance Health,
250,Software,7 Edit,Professional 2,CTIN-795498,,Perpetual,5,18-Jan-23,6 Months,113952,,,No,Yes,CT Powai,HL7,922,Embee Software Pvt Ltd,INV-42616,,,Integration Team,,Request ID SR88662,HMT1,UnitedHealth Group,
251,Software,Q-S-VMDR,NA,CTIN-467992,FAMS87859,Subscription,10,04-Sep-18,Perpetual,480057,04-Sep-2018,03-Mar-2019,Yes,No,CT Powai,Qualys,977,R S Consulting Services,,,,,56UKYLPTY22TTNUQ,Request ID SR11593,HPR,Cambia,
252,Software,Commvault FEDCB Data Protection,Advance-Foundation NA,CTIN-651944,FAMS69978,Subscription,10,07-Sep-19,Annual,199108,07-Sep-2019,06-Sep-2021,Yes,Yes,CT USA,Commvault,355,Pentagon System And Services Pvt. Ltd,,,,On Portal,7WCVMCIY0IR5C8RD,,HMT1,Devita,
253,Software,2FA for Jira,Commercial,CTIN-643442,FAMS63239,Perpetual,5,11-Dec-25,6 Months,217889,,,Yes,Yes,CT India,Atlassian,1402,Online,INV-93257,,,On Portal,7TM93DUXYTKGXKLB,,HMT1,CVS Health,
254,Software,CP Rhapsody IDE,6.4.1,CTIN-121804,FAMS18639,Subscription,2,01-Feb-25,Annual,216405,01-Feb-2025,01-Feb-2026,No,Yes,CT USA,OrionHealth,685,Client Provided,,CCNF,,,9K99CT07AN7QADIK,Request ID SR80446,HMT2,Cambia,Mahesh Kagitha
255,Software,2FA for Jira,Commercial,CTIN-698070,FAMS65011,Subscription,2000,15-Oct-21,Perpetual,450701,15-Oct-2021,15-Oct-2022,Yes,No,CT India,Atlassian,474,Online,INV-57233,,,On Portal,LY6T1U14QKKMVXV2,Request ID SR25633,HMT1,Cambia,
256,Software,CP Rhapsody IDE,6.4.1,CTIN-165551,,Perpetual,50,17-Oct-20,6 Months,399738,,,Yes,No,CT USA,OrionHealth,250,Client Provided,INV-85128,,,,WO3G0R4CSIPLPZLC,Request ID SR67850,HHP,Athena,
257,Software,7 Edit,Professional 2,Client Provided,FAMS95697,Subscription,1,23-Sep-21,Annual,82730,23-Sep-2021,22-Mar-2022,No,No,CT USA,HL7,224,Embee Software Pvt Ltd,INV-54032,Client Provided,,Volume Licensing Site,J6U2R45SIUU2OZA3,,HLS,Cambia,
258,Software,Q-S-VMDR,NA,CTIN-161909,,Perpetual,3,20-Nov-23,Perpetual,430091,,,No,Yes,CT Mindspace-1,Qualys,638,R S Consulting Services,INV-42812,,,On Portal,AY2KQZOCJRJEDYQB,Request ID SR63275,HMT2,Kaiser Permanente,Shawn Patrick Burr
259,Software,2FA for Jira,Commercial,CTIN-915750,FAMS15744,Perpetual,5,08-Aug-18,Annual,129369,,,Yes,No,CT USA,Atlassian,,Online,,CCNF,,PS,ZATWWYFBT1QXWKDE,Request ID SR40351,HPR,Cigna,
260,Software,Director Suite,Premium 6,CTIN-725713,FAMS84067,Subscription,10,07-Apr-18,6 Months,131740,07-Apr-2018,04-Oct-2018,Yes,No,CT USA,Cyberlink,175,Online,,CCNF,,PS,,,HHP,UnitedHealth Group,Parag Pattankar
261,Software,Commvault FEDCB Data Protection,Advance-Foundation NA,CTIN-254002,,Perpetual,3,21-Mar-19,6 Months,60998,,,Yes,No,CT Mindspace-3,Commvault,,Pentagon System And Services Pvt. Ltd,,CCNF,,Volume Licensing Site,,Request ID SR99273,Functions (IT),CVS Health,Vamshi Vennapu
262,Software,Commvault FEDCB Data Protection,Advance-Foundation NA,CTIN-409057,FAMS91926,Subscription,100,09-Nov-21,6 Months,282655,09-Nov-2021,09-Nov-2023,Yes,Yes,CT India,Commvault,911,Pentagon System And Services Pvt. Ltd,,Client Provided,,PS,R771HY5CMJW3DRTG,Request ID SR20055,HLS,GE Healthcare,
263,Software,.NET Developer Bundle,NA,CTIN-722430,FAMS79678,Subscription,100,08-Oct-18,6 Months,364839,08-Oct-2018,08-Oct-2019,No,Yes,CT India,Red Gate,,Red Gate Software Ltd,INV-17373,,,,,Request ID SR93226,Functions (IT),UnitedHealth Group,
264,Software,7 Edit,Professional 2,CTIN-727125,FAMS13196,Perpetual,1,18-Apr-18,6 Months,102833,,,Yes,Yes,CT Powai,HL7,647,Embee Software Pvt Ltd,INV-78944,CCNF,,Volume Licensing Site,I81ZBEF9HJUMX8AG,Request ID SR70122,HPR,Athena,
265,Software,Q-S-VMDR,NA,CTIN-337597,FAMS74355,Subscription,2,23-Oct-21,6 Months,329709,23-Oct-2021,23-Oct-2023,No,No,CT Mindspace-1,Qualys,25,R S Consulting Services,INV-86820,,,Volume Licensing Site,,,HMT1,GE Healthcare,Anand Jujjavarapu
266,Software,Traqplan Timeline,NA,Client Provided,FAMS68064,Subscription,100,22-Mar-18,6 Months,438613,22-Mar-2018,18-Sep-2018,Yes,Yes,CT USA,Traqplan,1102,RALCO synergy pvt ltd,,,,,KGJYC6XM94V8Q17G,Request ID SR87410,HPR,CVS Health,
267,Software,Traqplan Timeline,NA,CTIN-504464,,Subscription,1,24-Sep-25,Annual,362266,24-Sep-2025,23-Mar-2026,No,No,CT Mindspace-3,Traqplan,1291,RALCO synergy pvt ltd,INV-85705,,,On Portal,ZLOZU0BE5I4KWAHR,Request ID SR27326,HHP,Cigna,Akhil Kumar Palde
268,Software,CP Rhapsody IDE,6.4.1,Client Provided,FAMS36671,Subscription,1,01-Dec-22,Annual,350534,01-Dec-2022,30-May-2023,No,No,CT Mindspace-3,OrionHealth,616,Client Provided,,CCNF,,PS,H0LRKXGHQC9URJC9,,Functions (IT),Humana,Indra Goel
269,Software,.NET Developer Bundle,NA,CTIN-667045,,Subscription,1,26-May-21,Perpetual,189696,26-May-2021,26-May-2023,Yes,Yes,CT Powai,Red Gate,1414,Red Gate Software Ltd,INV-53832,Client Provided,,Raosaheb,,,HMT2,Cigna,Bhavya Banga
270,Software,CP Rhapsody IDE,6.4.1,CTIN-359177,FAMS30149,Subscription,500,14-Jul-18,6 Months,247667,14-Jul-2018,10-Jan-2019,No,Yes,CT Mindspace-1,OrionHealth,960,Client Provided,INV-67121,Client Provided,,Integration Team,X25GRUQO8VNX2WO9,Request ID SR11126,HLS,UnitedHealth Group,Michael Benedetto
271,Software,Traqplan Timeline,NA,CTIN-742928,FAMS76361,Perpetual,2,21-Jun-24,Annual,14097,,,No,Yes,CT Mindspace-1,Traqplan,434,RALCO synergy pvt ltd,INV-10640,,,,,Request ID SR71042,Functions (IT),Humana,Rajini Ganesh
272,Software,CP Rhapsody IDE,6.4.1,CTIN-307633,FAMS19748,Perpetual,10,28-Jul-25,Annual,427090,,,Yes,No,CT Powai,OrionHealth,473,Client Provided,,,,On Portal,CDYOEJF7LNHORSND,,HMT2,CVS Health,Sowmya Santhosh
273,Software,CP Rhapsody IDE,6.4.1,CTIN-243438,FAMS38382,Subscription,5,23-Feb-26,Perpetual,196212,23-Feb-2026,23-Feb-2028,Yes,Yes,CT USA,OrionHealth,,Client Provided,,CCNF,,PS,0LL8T7G3HP1JG7CV,,HMT1,Athena,Aswini Kurapati
274,Software,Q-S-VMDR,NA,CTIN-633663,FAMS90398,Subscription,25,02-Nov-22,6 Months,373938,02-Nov-2022,01-Nov-2024,Yes,No,CT Powai,Qualys,936,R S Consulting Services,INV-51805,Client Provided,,Raosaheb,859BGT9Y9DUACUQE,,HLS,Cigna,Padmalatha Sandeep
275,Software,Q-S-VMDR,NA,CTIN-381785,FAMS40099,Perpetual,25,20-Feb-22,Annual,306518,,,Yes,Yes,CT Powai,Qualys,862,R S Consulting Services,INV-81266,CCNF,,PS,,,Functions (IT),Cambia,
276,Software,Director Suite,Premium 6,CTIN-485094,FAMS50675,Perpetual,5,15-Jun-18,Annual,199346,,,Yes,Yes,CT Mindspace-3,Cyberlink,722,Online,,,,,,Request ID SR83253,Functions (IT),Kaiser Permanente,Sivasankardas Chinta
277,Software,7 Edit,Professional 2,CTIN-520441,FAMS88375,Subscription,3,31-Jul-24,Perpetual,73970,31-Jul-2024,31-Jul-2026,No,No,CT Powai,HL7,848,Embee Software Pvt Ltd,INV-77169,,,,PBCSV6XLPVJ8ZZGZ,,HPR,Athena,
278,Software,7 Edit,Professional 2,CTIN-258339,,Subscription,50,19-Jan-24,6 Months,498348,19-Jan-2024,18-Jan-2026,Yes,No,CT Mindspace-1,HL7,1083,Embee Software Pvt Ltd,,,,,8TIRE6NRIZNRF92Y,Request ID SR38262,HMT2,Elevance Health,Shashank Pasula
279,Software,2FA for Jira,Commercial,CTIN-550802,FAMS90736,Subscription,2000,08-Jun-23,6 Months,340502,08-Jun-2023,05-Dec-2023,No,Yes,CT USA,Atlassian,348,Online,INV-19830,CCNF,,On Portal,KOP1JWD53QIVIOF0,Request ID SR89189,HMT1,GE Healthcare,Gaurav Sarma
280,Software,2FA for Jira,Commercial,CTIN-130613,FAMS73811,Perpetual,100,30-Dec-22,6 Months,61500,,,No,Yes,CT USA,Atlassian,,Online,,CCNF,,PS,7D8I6VA917ZZF9K5,Request ID SR94908,HLS,Elevance Health,Sai Sreenivas Vemu
281,Software,2FA for Jira,Commercial,CTIN-926710,FAMS37827,Subscription,50,20-Feb-20,Perpetual,52972,20-Feb-2020,19-Feb-2021,Yes,No,CT Powai,Atlassian,151,Online,,CCNF,,Volume Licensing Site,VSI7F5H1UPQ8A29H,Request ID SR39916,HHP,Cigna,
282,Software,Director Suite,Premium 6,CTIN-460900,FAMS29169,Subscription,25,16-Dec-23,Annual,136758,16-Dec-2023,15-Dec-2024,Yes,Yes,CT Mindspace-1,Cyberlink,282,Online,,,,,IS8IL6XR87MY076E,,HMT1,Athena,Shashank Pasula
283,Software,.NET Developer Bundle,NA,CTIN-835376,FAMS29254,Perpetual,25,23-Jan-24,Annual,214391,,,Yes,No,CT USA,Red Gate,511,Red Gate Software Ltd,INV-17223,,,Raosaheb,,Request ID SR61104,HPR,Athena,
284,Software,Q-S-VMDR,NA,CTIN-242811,,Subscription,2000,29-Oct-21,6 Months,430617,29-Oct-2021,29-Oct-2023,No,Yes,CT Powai,Qualys,1169,R S Consulting Services,INV-57247,,,,4Z1615Y4D03KPGQK,Request ID SR58095,HMT1,CVS Health,Harish Nalla
285,Software,Traqplan Timeline,NA,CTIN-324473,FAMS28107,Subscription,3,14-Nov-20,6 Months,217083,14-Nov-2020,14-Nov-2022,Yes,Yes,CT India,Traqplan,492,RALCO synergy pvt ltd,,,,Volume Licensing Site,GTNUGL34AOVCL9IW,,HLS,Humana,Hadi Zanddizari
286,Software,Commvault FEDCB Data Protection,Advance-Foundation NA,CTIN-130367,FAMS15545,Perpetual,5,01-Jun-21,Annual,219073,,,Yes,Yes,CT USA,Commvault,,Pentagon System And Services Pvt. Ltd,,,,On Portal,UPY6IAWXHZWGQXFE,Request ID SR44607,Functions (IT),UnitedHealth Group,Suresh Muppala
287,Software,Q-S-VMDR,NA,CTIN-419413,FAMS66765,Subscription,2,24-May-19,6 Months,359450,24-May-2019,20-Nov-2019,No,No,CT India,Qualys,1143,R S Consulting Services,,,,On Portal,,,Functions (IT),Humana,
288,Software,.NET Developer Bundle,NA,CTIN-742249,,Subscription,3,22-Oct-21,Annual,279412,22-Oct-2021,20-Apr-2022,No,No,CT Powai,Red Gate,1477,Red Gate Software Ltd,,,,On Portal,EWHPZZ2ZQJD1TYWQ,Request ID SR37520,HHP,Athena,Durga Prasanth Vanapalli
289,Software,2FA for Jira,Commercial,CTIN-775189,FAMS77976,Perpetual,2,11-Oct-21,Perpetual,348127,,,Yes,Yes,CT USA,Atlassian,,Online,,,,Volume Licensing Site,8KX6SVRY0DKH7FD3,,HMT2,GE Healthcare,
290,Software,2FA for Jira,Commercial,Client Provided,,Subscription,3,21-Oct-20,Perpetual,380245,21-Oct-2020,19-Apr-2021,Yes,No,CT Powai,Atlassian,13,Online,,CCNF,,PS,VWD97TM6V91UDFG2,Request ID SR44353,HHP,CVS Health,Piyush Sharma
291,Software,Q-S-VMDR,NA,CTIN-840846,FAMS54779,Subscription,2,17-Feb-21,Annual,30808,17-Feb-2021,17-Feb-2023,Yes,No,CT USA,Qualys,1404,R S Consulting Services,,CCNF,,PS,,Request ID SR20184,HMT1,CVS Health,Devesh Rajadhyaksha
292,Software,Commvault FEDCB Data Protection,Advance-Foundation NA,CTIN-460182,FAMS56085,Perpetual,500,08-Sep-24,Annual,438939,,,No,No,CT Powai,Commvault,899,Pentagon System And Services Pvt. Ltd,,,,PS,O8R1VYGLNMMTJXAM,,Functions (IT),CVS Health,Kamala Rasagna Tenneti
293,Software,Traqplan Timeline,NA,Client Provided,FAMS81150,Perpetual,2000,10-Jun-23,Annual,81137,,,Yes,Yes,CT USA,Traqplan,584,RALCO synergy pvt ltd,,CCNF,,Integration Team,,Request ID SR37625,HMT2,Cigna,
294,Software,Director Suite,Premium 6,CTIN-622360,FAMS12493,Perpetual,50,17-Aug-22,Perpetual,447150,,,No,Yes,CT Mindspace-3,Cyberlink,,Online,,,,Raosaheb,CUGJIJXSECY7NPBF,,HMT2,Devita,Alamelumangai Gopalsamy
295,Software,Director Suite,Premium 6,CTIN-245645,FAMS14285,Perpetual,1,05-May-20,Perpetual,173765,,,Yes,Yes,CT Mindspace-3,Cyberlink,263,Online,INV-41169,,,PS,883GVD91E0M3Y2IR,Request ID SR42501,HLS,Cambia,
296,Software,Director Suite,Premium 6,CTIN-226677,FAMS22398,Perpetual,3,12-Nov-25,Perpetual,148481,,,Yes,Yes,CT Powai,Cyberlink,1107,Online,,,,On Portal,CPC1PO14A1BL939T,Request ID SR47537,HPR,Kaiser Permanente,
297,Software,.NET Developer Bundle,NA,CTIN-845524,FAMS69528,Subscription,25,26-Dec-23,Perpetual,442836,26-Dec-2023,25-Dec-2025,Yes,Yes,CT Mindspace-3,Red Gate,1014,Red Gate Software Ltd,INV-50038,Client Provided,,Volume Licensing Site,XG69VCUUXTPT33SJ,Request ID SR15400,Functions (IT),Athena,
298,Software,CP Rhapsody IDE,6.4.1,Client Provided,FAMS51719,Subscription,5,21-Dec-21,Perpetual,317412,21-Dec-2021,21-Dec-2023,Yes,Yes,CT Mindspace-3,OrionHealth,763,Client Provided,,CCNF,,PS,LA1PD984W2Y8KI8T,Request ID SR36204,HHP,GE Healthcare,Sreekanth  Kotapati
299,Software,Q-S-VMDR,NA,CTIN-766410,FAMS19520,Subscription,50,10-Feb-25,Perpetual,113171,10-Feb-2025,10-Feb-2026,No,No,CT India,Qualys,63,R S Consulting Services,,,,Volume Licensing Site,OLXJON22H661YS7K,Request ID SR81424,HMT1,GE Healthcare,Chaitanya Maruthi
300,Software,.NET Developer Bundle,NA,CTIN-497288,FAMS86790,Subscription,2000,15-Nov-21,Annual,307524,15-Nov-2021,15-Nov-2022,No,Yes,CT Powai,Red Gate,1171,Red Gate Software Ltd,INV-13851,,,,6Z5L4MKWW1PXYNQ3,Request ID SR78074,HMT1,Cambia,Stephen Cannata
301,Software,Commvault FEDCB Data Protection,Advance-Foundation NA,Client Provided,,Subscription,3,01-Mar-20,6 Months,277272,01-Mar-2020,01-Mar-2021,Yes,Yes,CT USA,Commvault,134,Pentagon System And Services Pvt. Ltd,,,,Raosaheb,EQ2CCRRQYL2B21LX,,HMT1,GE Healthcare,
302,Software,Q-S-VMDR,NA,CTIN-126713,FAMS47563,Perpetual,1,23-Jan-23,Perpetual,448985,,,No,No,CT Powai,Qualys,1232,R S Consulting Services,,CCNF,,,MP1BA1N324SWUR0I,,HLS,Devita,Sivasankardas Chinta
303,Software,Commvault FEDCB Data Protection,Advance-Foundation NA,CTIN-796462,FAMS54844,Subscription,2000,24-Aug-23,Perpetual,322797,24-Aug-2023,23-Aug-2024,Yes,No,CT Mindspace-1,Commvault,716,Pentagon System And Services Pvt. Ltd,INV-11618,,,,ZCX0DW9UWF1AMFFO,Request ID SR34407,HPR,Kaiser Permanente,Ramya Bandari
304,Software,CP Rhapsody IDE,6.4.1,Client Provided,FAMS63084,Subscription,50,15-Jun-20,Perpetual,410189,15-Jun-2020,15-Jun-2021,No,Yes,CT USA,OrionHealth,1238,Client Provided,INV-87697,,,Integration Team,QC3PHGB71SJ55ESH,Request ID SR94300,Functions (IT),Devita,
305,Software,Commvault FEDCB Data Protection,Advance-Foundation NA,CTIN-480854,FAMS43409,Perpetual,5,01-May-22,6 Months,401399,,,Yes,No,CT India,Commvault,1139,Pentagon System And Services Pvt. Ltd,,,,Integration Team,XU4N61LUIBL039JF,,HMT1,GE Healthcare,Abhilash Molugu
306,Software,CP Rhapsody IDE,6.4.1,CTIN-681741,FAMS66013,Perpetual,10,11-Sep-21,6 Months,216111,,,No,Yes,CT Powai,OrionHealth,1241,Client Provided,,,,On Portal,NKAH1JLW1FO1Z0YO,Request ID SR40884,Functions (IT),Humana,Sushil Suresh Shah
307,Software,Commvault FEDCB Data Protection,Advance-Foundation NA,CTIN-283894,,Perpetual,1,28-Jan-24,Annual,399510,,,No,No,CT Powai,Commvault,,Pentagon System And Services Pvt. Ltd,,,,Integration Team,U3S2RZ3VDXA81NIP,Request ID SR37865,HPR,Elevance Health,Venkat Sai Jami
308,Software,Commvault FEDCB Data Protection,Advance-Foundation NA,CTIN-691106,FAMS54025,Perpetual,1,11-Oct-25,6 Months,340381,,,Yes,No,CT Mindspace-1,Commvault,589,Pentagon System And Services Pvt. Ltd,INV-64529,,,Volume Licensing Site,0A1O2LDMEB6WDDJ2,,HMT2,Kaiser Permanente,Leela Kowshik Reddy Baki
309,Software,CP Rhapsody IDE,6.4.1,CTIN-622790,FAMS79398,Subscription,25,23-Apr-19,Perpetual,414214,23-Apr-2019,22-Apr-2021,No,No,CT Mindspace-3,OrionHealth,935,Client Provided,,,,Raosaheb,,,HMT1,Elevance Health,
310,Software,Q-S-VMDR,NA,CTIN-864605,FAMS49426,Perpetual,100,28-Apr-25,Annual,282140,,,Yes,No,CT Mindspace-1,Qualys,68,R S Consulting Services,INV-35792,,,PS,,,HHP,Cambia,Abhishek Sharma
311,Software,CP Rhapsody IDE,6.4.1,CTIN-840459,FAMS39225,Perpetual,50,21-Aug-18,Perpetual,64299,,,Yes,No,CT USA,OrionHealth,,Client Provided,INV-98765,Client Provided,,Integration Team,U12MK4GS5902U59L,,HLS,GE Healthcare,Akhil Kumar Palde
312,Software,Traqplan Timeline,NA,CTIN-920024,,Subscription,100,08-May-24,Annual,314935,08-May-2024,08-May-2026,Yes,No,CT Mindspace-1,Traqplan,,RALCO synergy pvt ltd,INV-73395,,,,Y00CRK6ADYQINN85,,Functions (IT),GE Healthcare,
313,Software,2FA for Jira,Commercial,Client Provided,FAMS63242,Subscription,5,04-Mar-19,Annual,125003,04-Mar-2019,03-Mar-2021,Yes,No,CT India,Atlassian,,Online,INV-58453,,,Integration Team,VQ2VROT3YQQJNUEO,Request ID SR89249,HPR,Cigna,Rahul Chetwani
314,Software,Q-S-VMDR,NA,CTIN-792261,FAMS56730,Perpetual,5,30-Jun-19,Perpetual,130355,,,No,Yes,CT USA,Qualys,902,R S Consulting Services,,,,Integration Team,U0KRMG1FHP0VMOF4,Request ID SR94594,HMT2,Devita,Sumalatha Sajja
315,Software,.NET Developer Bundle,NA,CTIN-102308,FAMS53805,Subscription,100,28-Oct-21,6 Months,429731,28-Oct-2021,28-Oct-2022,Yes,No,CT Mindspace-1,Red Gate,278,Red Gate Software Ltd,,CCNF,,Volume Licensing Site,O1LZ8NO2U3IWQUGN,Request ID SR25077,HMT1,CVS Health,Abhijit Jagtap
316,Software,Q-S-VMDR,NA,CTIN-703068,,Perpetual,25,27-Mar-22,6 Months,30864,,,No,No,CT Mindspace-3,Qualys,1441,R S Consulting Services,,CCNF,,On Portal,GS7MZ6HGTQC7CTC3,,HHP,Devita,Sivakumar Nidiginti
317,Software,Commvault FEDCB Data Protection,Advance-Foundation NA,CTIN-869140,FAMS62887,Subscription,25,22-Jun-20,Annual,61658,22-Jun-2020,22-Jun-2021,Yes,No,CT Mindspace-1,Commvault,517,Pentagon System And Services Pvt. Ltd,INV-65197,,,Volume Licensing Site,,Request ID SR22564,HMT1,GE Healthcare,
318,Software,.NET Developer Bundle,NA,CTIN-253779,FAMS53925,Subscription,2000,09-Mar-22,6 Months,24414,09-Mar-2022,08-Mar-2024,Yes,No,CT Powai,Red Gate,1462,Red Gate Software Ltd,,,,Raosaheb,0A3TZCLOB3L76PVD,,HPR,CVS Health,
319,Software,Commvault FEDCB Data Protection,Advance-Foundation NA,CTIN-107012,FAMS11326,Perpetual,25,26-Sep-25,Perpetual,211469,,,Yes,Yes,CT Mindspace-3,Commvault,484,Pentagon System And Services Pvt. Ltd,,,,Raosaheb,EFZRL7XEK857JATJ,Request ID SR30366,HMT2,Devita,Sai Sunny Mogili
320,Software,2FA for Jira,Commercial,CTIN-521085,FAMS40143,Subscription,50,16-Jun-25,6 Months,153423,16-Jun-2025,13-Dec-2025,Yes,No,CT USA,Atlassian,,Online,,,,Integration Team,VEBFND0SA5W0CMKT,Request ID SR90212,HLS,Cambia,Ankit Yadav
321,Software,.NET Developer Bundle,NA,CTIN-953191,FAMS16990,Subscription,1,05-Mar-19,Annual,107509,05-Mar-2019,04-Mar-2020,No,Yes,CT India,Red Gate,1064,Red Gate Software Ltd,,,,On Portal,,Request ID SR61591,HMT1,Humana,Prajakta Mahadik
322,Software,Commvault FEDCB Data Protection,Advance-Foundation NA,CTIN-633560,,Perpetual,25,30-Nov-23,Annual,291941,,,Yes,No,CT Mindspace-3,Commvault,1056,Pentagon System And Services Pvt. Ltd,INV-61533,Client Provided,,On Portal,,,Functions (IT),CVS Health,
323,Software,Q-S-VMDR,NA,CTIN-568052,FAMS47145,Perpetual,50,13-Jul-21,Perpetual,108727,,,No,No,CT India,Qualys,679,R S Consulting Services,,,,Raosaheb,,Request ID SR26504,Functions (IT),Kaiser Permanente,
324,Software,7 Edit,Professional 2,CTIN-279303,,Perpetual,50,19-Aug-19,Annual,189080,,,No,No,CT Mindspace-1,HL7,920,Embee Software Pvt Ltd,INV-93590,Client Provided,,,YQVR42108YRF1NMI,,HLS,Humana,Sanjana  Kondi
325,Software,.NET Developer Bundle,NA,CTIN-548552,FAMS58436,Subscription,100,03-Dec-24,6 Months,250568,03-Dec-2024,03-Dec-2025,Yes,Yes,CT Mindspace-3,Red Gate,205,Red Gate Software Ltd,INV-92047,,,On Portal,J2WS5UFLZ0XDZSLD,,Functions (IT),Cambia,Manisha Katla
326,Software,CP Rhapsody IDE,6.4.1,CTIN-200307,FAMS47972,Subscription,1,03-Dec-19,Annual,140524,03-Dec-2019,31-May-2020,Yes,No,CT Mindspace-1,OrionHealth,1145,Client Provided,,CCNF,,,WORH8CWE7SUNH6BU,,HMT1,GE Healthcare,Sai Kushwanth Vailipalli
327,Software,2FA for Jira,Commercial,CTIN-733715,FAMS54146,Perpetual,25,09-Mar-22,Perpetual,492075,,,No,Yes,CT India,Atlassian,362,Online,INV-25260,Client Provided,,,LC3X89OAA69OVS58,Request ID SR10030,Functions (IT),Kaiser Permanente,Ashutosh Vishwakarma
328,Software,Traqplan Timeline,NA,CTIN-194852,FAMS20428,Perpetual,100,05-Jun-18,Perpetual,475920,,,No,Yes,CT USA,Traqplan,1261,RALCO synergy pvt ltd,,Client Provided,,On Portal,,Request ID SR31544,Functions (IT),Athena,Thulasi Maddiboyina
329,Software,.NET Developer Bundle,NA,CTIN-713191,FAMS74590,Perpetual,2000,04-Dec-22,Perpetual,413909,,,Yes,Yes,CT USA,Red Gate,902,Red Gate Software Ltd,,,,PS,QQ5X5MQLKGJTY4U1,Request ID SR53644,HLS,Humana,Mahesh Muktala
330,Software,.NET Developer Bundle,NA,CTIN-937916,FAMS84887,Perpetual,10,29-Nov-25,Perpetual,137464,,,Yes,No,CT Mindspace-1,Red Gate,554,Red Gate Software Ltd,INV-23115,Client Provided,,,OEJKRJCQR8L0NLZL,,HMT1,UnitedHealth Group,Aparna Dandamudi
331,Software,CP Rhapsody IDE,6.4.1,CTIN-644221,FAMS20748,Perpetual,2,19-Apr-21,6 Months,284874,,,No,No,CT Mindspace-3,OrionHealth,1271,Client Provided,,CCNF,,Raosaheb,,,HLS,Devita,Bhakya Raj Paulpandi
332,Software,7 Edit,Professional 2,CTIN-930798,FAMS37476,Subscription,100,11-Feb-21,Perpetual,56179,11-Feb-2021,11-Feb-2022,No,Yes,CT Mindspace-3,HL7,800,Embee Software Pvt Ltd,,Client Provided,,,YXPDT8X0DWJ941RJ,Request ID SR70772,HMT1,Devita,Trivikram Kota
333,Software,Q-S-VMDR,NA,CTIN-727843,FAMS20528,Subscription,1,25-Sep-23,Annual,420368,25-Sep-2023,24-Sep-2025,Yes,Yes,CT Powai,Qualys,829,R S Consulting Services,INV-74154,,,Volume Licensing Site,SU9GTFXHXP7DUF8B,,Functions (IT),Humana,Naveen Kumar Bayya
334,Software,Commvault FEDCB Data Protection,Advance-Foundation NA,CTIN-515401,,Perpetual,25,22-May-23,6 Months,1830,,,Yes,Yes,CT Mindspace-3,Commvault,168,Pentagon System And Services Pvt. Ltd,,,,Integration Team,20HGVIR91FDP5ZQJ,,HLS,GE Healthcare,Jacquelyn Ungarino
335,Software,Q-S-VMDR,NA,CTIN-270834,,Perpetual,50,17-Dec-20,6 Months,362030,,,No,Yes,CT Mindspace-3,Qualys,1216,R S Consulting Services,INV-70770,,,,U16NP72CIAHVLTJS,Request ID SR83763,HMT1,GE Healthcare,
336,Software,Commvault FEDCB Data Protection,Advance-Foundation NA,CTIN-832177,FAMS62075,Perpetual,500,03-Feb-19,Perpetual,366457,,,Yes,Yes,CT India,Commvault,,Pentagon System And Services Pvt. Ltd,INV-30823,,,Raosaheb,,Request ID SR64812,HMT2,GE Healthcare,
337,Software,CP Rhapsody IDE,6.4.1,CTIN-117736,FAMS80373,Subscription,2000,02-Apr-21,Annual,68342,02-Apr-2021,02-Apr-2022,Yes,No,CT Mindspace-3,OrionHealth,793,Client Provided,INV-26931,Client Provided,,,Q7VYTLBMI09V3YY8,Request ID SR58569,HPR,Devita,Deepak Varma
338,Software,Q-S-VMDR,NA,Client Provided,FAMS73496,Subscription,10,02-Jan-18,Perpetual,497067,02-Jan-2018,02-Jan-2019,No,No,CT USA,Qualys,479,R S Consulting Services,INV-30015,,,Integration Team,OBTYYNJY4JXXXSQL,Request ID SR49846,Functions (IT),Cambia,Shams Qamar
339,Software,CP Rhapsody IDE,6.4.1,CTIN-918848,,Perpetual,5,10-Dec-23,Annual,465027,,,No,Yes,CT USA,OrionHealth,695,Client Provided,INV-11605,,,Integration Team,XJPN8BO1QXG1LEX2,Request ID SR41909,HHP,Devita,Michael Tucker
340,Software,Director Suite,Premium 6,CTIN-753687,,Subscription,2,25-Jan-25,6 Months,21746,25-Jan-2025,25-Jan-2026,No,Yes,CT Mindspace-1,Cyberlink,1166,Online,,,,Integration Team,MCLP3DRBDY25X1UM,Request ID SR14767,HMT1,Athena,
341,Software,Q-S-VMDR,NA,CTIN-382428,FAMS78123,Subscription,10,06-Dec-22,Annual,56060,06-Dec-2022,06-Dec-2023,No,Yes,CT Mindspace-1,Qualys,504,R S Consulting Services,,,,Integration Team,,Request ID SR76353,HHP,Cambia,Saji Kumar Ramachandran Pillai
342,Software,Q-S-VMDR,NA,CTIN-155818,FAMS23138,Perpetual,3,04-Nov-25,Perpetual,424711,,,No,Yes,CT Powai,Qualys,949,R S Consulting Services,,CCNF,,Raosaheb,,Request ID SR62101,HMT1,UnitedHealth Group,Peony Jena
343,Software,Commvault FEDCB Data Protection,Advance-Foundation NA,CTIN-270041,,Perpetual,500,25-Jul-23,6 Months,275861,,,No,Yes,CT Powai,Commvault,1448,Pentagon System And Services Pvt. Ltd,INV-57375,,,Volume Licensing Site,W55CRNNIMZOL92B8,Request ID SR12097,HPR,Cambia,Mahesh Reddy Kundur
344,Software,Director Suite,Premium 6,CTIN-645842,FAMS54759,Perpetual,2,15-Dec-19,6 Months,340973,,,No,Yes,CT India,Cyberlink,456,Online,,,,Volume Licensing Site,RMNHUHCAT2VHJ22C,Request ID SR69400,HPR,GE Healthcare,Nicole Boyer
345,Software,CP Rhapsody IDE,6.4.1,CTIN-264383,FAMS30895,Perpetual,3,23-Nov-21,Perpetual,53273,,,No,Yes,CT Powai,OrionHealth,142,Client Provided,INV-41970,Client Provided,,Raosaheb,AMEVIYHRGFUHRMCC,Request ID SR23023,HMT1,Kaiser Permanente,Debra Droz
346,Software,2FA for Jira,Commercial,CTIN-980816,FAMS15709,Perpetual,500,18-Sep-20,Perpetual,44958,,,No,No,CT USA,Atlassian,1161,Online,INV-18271,,,Integration Team,TNG9NELKM3QE2E0I,Request ID SR50968,HMT2,Devita,Vijaya Kumar Guntumadugu
347,Software,.NET Developer Bundle,NA,CTIN-420088,,Perpetual,2000,23-Aug-25,6 Months,173249,,,No,No,CT Powai,Red Gate,275,Red Gate Software Ltd,,,,On Portal,EC8HYJ1G37EACFXC,Request ID SR65648,HMT2,CVS Health,Navaneetha Macha
348,Software,CP Rhapsody IDE,6.4.1,Client Provided,FAMS22568,Perpetual,1,11-Oct-20,Annual,49157,,,Yes,No,CT Mindspace-1,OrionHealth,978,Client Provided,INV-46584,,,Volume Licensing Site,0T7DNXZZM8HQGM25,Request ID SR23821,HMT2,UnitedHealth Group,Dhanshri Kantilal Ghule
349,Software,CP Rhapsody IDE,6.4.1,CTIN-188388,,Subscription,25,26-Dec-24,Perpetual,392359,26-Dec-2024,26-Dec-2025,Yes,No,CT Powai,OrionHealth,480,Client Provided,,Client Provided,,Integration Team,,,HHP,CVS Health,Prathyusha Mandala
350,Software,.NET Developer Bundle,NA,CTIN-245790,FAMS80716,Subscription,500,18-Oct-21,6 Months,382705,18-Oct-2021,18-Oct-2022,No,No,CT Mindspace-1,Red Gate,984,Red Gate Software Ltd,INV-33693,,,Integration Team,LJ4MT8A3163FMQCW,Request ID SR55291,HMT2,Kaiser Permanente,Gaurav Sarma
351,Software,Q-S-VMDR,NA,CTIN-365431,,Perpetual,5,23-Apr-21,6 Months,493793,,,Yes,Yes,CT Mindspace-3,Qualys,1298,R S Consulting Services,,,,,,,HHP,Devita,Jacquelyn Ungarino
352,Software,Commvault FEDCB Data Protection,Advance-Foundation NA,CTIN-632449,FAMS19003,Subscription,10,19-Nov-25,6 Months,87282,19-Nov-2025,19-Nov-2026,Yes,No,CT Mindspace-1,Commvault,91,Pentagon System And Services Pvt. Ltd,,,,,7KIXYBDU8EL8MWOD,,Functions (IT),Athena,Brooke Bullimore
353,Software,Commvault FEDCB Data Protection,Advance-Foundation NA,Client Provided,FAMS42616,Perpetual,500,23-Jun-23,Annual,180186,,,No,Yes,CT Powai,Commvault,351,Pentagon System And Services Pvt. Ltd,,Client Provided,,Integration Team,,,HMT1,UnitedHealth Group,
354,Software,Traqplan Timeline,NA,CTIN-453489,FAMS12374,Subscription,3,19-Dec-24,Perpetual,241045,19-Dec-2024,19-Dec-2025,No,No,CT Mindspace-1,Traqplan,632,RALCO synergy pvt ltd,,CCNF,,Raosaheb,S0QYX25G7X5PGZEB,Request ID SR95168,HPR,Devita,Yuvraj Verma
355,Software,Director Suite,Premium 6,CTIN-547648,FAMS22383,Perpetual,50,15-Sep-18,6 Months,82468,,,No,No,CT Mindspace-1,Cyberlink,688,Online,,CCNF,,On Portal,RIES096E2MXEBWXR,,HPR,GE Healthcare,Julie Schipper
356,Software,CP Rhapsody IDE,6.4.1,Client Provided,FAMS50593,Subscription,25,04-Dec-24,Perpetual,220962,04-Dec-2024,02-Jun-2025,No,Yes,CT India,OrionHealth,478,Client Provided,,Client Provided,,On Portal,JXVYFEBZ6RTEVH8E,,HPR,Elevance Health,
357,Software,Director Suite,Premium 6,CTIN-793655,FAMS81950,Subscription,10,28-Sep-22,Annual,335757,28-Sep-2022,28-Sep-2023,Yes,No,CT India,Cyberlink,,Online,,Client Provided,,Integration Team,VJPYBUYRA53OBGP2,,HLS,UnitedHealth Group,
358,Software,Q-S-VMDR,NA,CTIN-393580,FAMS56473,Subscription,2,13-Feb-18,6 Months,188673,13-Feb-2018,13-Feb-2020,Yes,Yes,CT Powai,Qualys,1007,R S Consulting Services,INV-26719,CCNF,,Raosaheb,QI4HWCC9DDVSS078,Request ID SR47847,Functions (IT),GE Healthcare,Shams Qamar
359,Software,CP Rhapsody IDE,6.4.1,CTIN-595630,FAMS99852,Subscription,50,27-May-20,Perpetual,466079,27-May-2020,27-May-2022,No,Yes,CT Mindspace-1,OrionHealth,636,Client Provided,,CCNF,,PS,EYUJ6VUVW2XF4YA1,,HHP,Cambia,Ashutosh Vishwakarma
360,Software,Director Suite,Premium 6,CTIN-713600,,Perpetual,1,14-Oct-22,6 Months,302182,,,No,No,CT India,Cyberlink,469,Online,INV-15270,,,On Portal,CJZKT0HEL395VCDW,Request ID SR23915,Functions (IT),Athena,
361,Software,.NET Developer Bundle,NA,CTIN-130553,,Perpetual,2,09-Feb-23,Perpetual,459808,,,No,Yes,CT USA,Red Gate,1224,Red Gate Software Ltd,INV-50601,,,Raosaheb,DCH058DQTW0L85N6,Request ID SR72538,Functions (IT),Elevance Health,Jathin Sanghvi
362,Software,.NET Developer Bundle,NA,CTIN-419175,,Subscription,1,28-Jul-23,6 Months,38988,28-Jul-2023,24-Jan-2024,Yes,Yes,CT Powai,Red Gate,1403,Red Gate Software Ltd,,CCNF,,Volume Licensing Site,AH9FSN050A723EGP,Request ID SR19904,HLS,Cambia,Gayatri Inguva
363,Software,Director Suite,Premium 6,CTIN-236000,FAMS53441,Perpetual,5,02-Jun-21,6 Months,198687,,,No,Yes,CT India,Cyberlink,808,Online,,,,PS,P1KJSCCZYNCUSY44,,HPR,Athena,
364,Software,7 Edit,Professional 2,CTIN-184066,FAMS51218,Perpetual,10,22-Feb-20,Annual,368683,,,Yes,No,CT USA,HL7,130,Embee Software Pvt Ltd,INV-45631,Client Provided,,On Portal,EE2VEVMT6N2124HB,Request ID SR68285,HPR,Kaiser Permanente,Vamsi Krishna  Potula
365,Software,2FA for Jira,Commercial,CTIN-422896,FAMS62663,Subscription,10,14-Sep-18,Perpetual,48753,14-Sep-2018,13-Sep-2020,Yes,Yes,CT USA,Atlassian,72,Online,INV-54117,Client Provided,,Integration Team,LU88NAKAXRULD37L,,HHP,Athena,
366,Software,Traqplan Timeline,NA,CTIN-697593,FAMS51432,Subscription,25,10-Oct-22,6 Months,357756,10-Oct-2022,08-Apr-2023,No,Yes,CT Mindspace-1,Traqplan,,RALCO synergy pvt ltd,,,,Integration Team,3EAXBY5T3GXSEDF4,,Functions (IT),Devita,
367,Software,7 Edit,Professional 2,CTIN-858051,FAMS65353,Perpetual,25,04-Apr-25,Annual,60473,,,Yes,Yes,CT Mindspace-3,HL7,,Embee Software Pvt Ltd,,Client Provided,,PS,K6K3GF356MUUVYQJ,Request ID SR98132,Functions (IT),Athena,Aparna Dandamudi
368,Software,.NET Developer Bundle,NA,CTIN-887875,FAMS65102,Perpetual,10,24-Oct-19,Perpetual,275998,,,No,Yes,CT India,Red Gate,339,Red Gate Software Ltd,,,,Integration Team,GFPDUZQ2HLLBVV9Y,,HMT1,Kaiser Permanente,
369,Software,7 Edit,Professional 2,CTIN-945269,FAMS17581,Perpetual,10,16-Oct-25,Perpetual,169546,,,No,Yes,CT Mindspace-3,HL7,,Embee Software Pvt Ltd,INV-98875,,,Raosaheb,,,HMT1,Kaiser Permanente,
370,Software,7 Edit,Professional 2,CTIN-854143,FAMS94021,Subscription,25,17-Feb-25,6 Months,497095,17-Feb-2025,17-Feb-2027,No,Yes,CT Powai,HL7,,Embee Software Pvt Ltd,,,,,BOIS7UZIXXLDKBV7,Request ID SR25743,HLS,CVS Health,Yogesh Parte
371,Software,7 Edit,Professional 2,CTIN-305178,FAMS30407,Subscription,1,07-Nov-24,Perpetual,17140,07-Nov-2024,07-Nov-2025,Yes,Yes,CT USA,HL7,1442,Embee Software Pvt Ltd,INV-88282,CCNF,,Raosaheb,7ZI1Y5YQOJYPX4A0,,Functions (IT),GE Healthcare,
372,Software,Commvault FEDCB Data Protection,Advance-Foundation NA,CTIN-643282,FAMS36961,Subscription,50,23-Nov-24,6 Months,89674,23-Nov-2024,23-Nov-2026,Yes,Yes,CT USA,Commvault,1073,Pentagon System And Services Pvt. Ltd,,,,Integration Team,1F2ZTIEPQ1LI2HBT,Request ID SR54517,HLS,Cigna,Rahul Gupta
373,Software,7 Edit,Professional 2,CTIN-917419,,Perpetual,10,27-Mar-20,Perpetual,117578,,,No,No,CT Mindspace-1,HL7,311,Embee Software Pvt Ltd,,,,Raosaheb,GW3LX1VL8PN4AVCC,Request ID SR80899,HMT1,Kaiser Permanente,
374,Software,.NET Developer Bundle,NA,CTIN-261334,FAMS47230,Perpetual,100,17-Apr-19,Annual,20518,,,Yes,Yes,CT Mindspace-1,Red Gate,570,Red Gate Software Ltd,,,,,KEFI45XBXFTWSXBS,Request ID SR58463,HPR,Kaiser Permanente,
375,Software,Q-S-VMDR,NA,CTIN-133026,FAMS17009,Subscription,10,21-Aug-19,Annual,93489,21-Aug-2019,20-Aug-2020,Yes,Yes,CT USA,Qualys,,R S Consulting Services,,CCNF,,Raosaheb,B9F8UOOYOCCU9ORZ,,Functions (IT),Athena,
376,Software,Director Suite,Premium 6,Client Provided,,Subscription,100,13-Jun-21,6 Months,189164,13-Jun-2021,13-Jun-2022,No,No,CT Mindspace-3,Cyberlink,138,Online,,Client Provided,,Integration Team,LKRF2RQ7N724I8NF,,HHP,Elevance Health,Kuran Nayee
377,Software,.NET Developer Bundle,NA,CTIN-766656,FAMS57342,Subscription,25,06-Aug-21,Annual,476858,06-Aug-2021,06-Aug-2022,No,No,CT Powai,Red Gate,42,Red Gate Software Ltd,,Client Provided,,Volume Licensing Site,COGFU3E6NJPGRCWT,Request ID SR78208,HPR,CVS Health,Fauzia Dinesh
378,Software,.NET Developer Bundle,NA,CTIN-782463,FAMS73456,Subscription,3,09-Sep-22,6 Months,113331,09-Sep-2022,08-Mar-2023,Yes,No,CT USA,Red Gate,1165,Red Gate Software Ltd,INV-18222,,,Raosaheb,VYQBUFR3VE168XY7,Request ID SR35261,HPR,CVS Health,Megha Varshney
379,Software,Director Suite,Premium 6,Client Provided,FAMS55570,Subscription,2,07-Nov-18,Perpetual,185721,07-Nov-2018,07-Nov-2019,Yes,No,CT India,Cyberlink,165,Online,INV-19943,,,Volume Licensing Site,56B9HKSSLY8J30LB,Request ID SR18173,HMT2,Athena,Prashanth Reddy Yengannagari
380,Software,7 Edit,Professional 2,CTIN-658955,,Perpetual,3,23-Aug-21,Perpetual,199466,,,No,No,CT Powai,HL7,,Embee Software Pvt Ltd,INV-62428,,,Raosaheb,978SWKCPYUQXEMK8,,HMT2,Kaiser Permanente,Meeniga Pranavi
381,Software,CP Rhapsody IDE,6.4.1,CTIN-216230,,Subscription,50,11-Dec-20,Perpetual,360718,11-Dec-2020,11-Dec-2022,No,Yes,CT Mindspace-1,OrionHealth,1119,Client Provided,INV-91569,Client Provided,,Raosaheb,422ZOITDEOABD3UX,Request ID SR68029,HLS,Elevance Health,Amit Wagle
382,Software,Commvault FEDCB Data Protection,Advance-Foundation NA,Client Provided,FAMS25958,Perpetual,2000,03-Nov-19,Perpetual,122791,,,Yes,No,CT Mindspace-1,Commvault,511,Pentagon System And Services Pvt. Ltd,INV-36012,,,Integration Team,,Request ID SR21536,HPR,CVS Health,Aditi Shewale
383,Software,Traqplan Timeline,NA,Client Provided,FAMS29975,Perpetual,3,07-Aug-24,Perpetual,262022,,,Yes,No,CT Mindspace-1,Traqplan,79,RALCO synergy pvt ltd,,,,On Portal,7I5FARZMU2OI6EM1,,HPR,CVS Health,Sneha Kulkarni
384,Software,.NET Developer Bundle,NA,Client Provided,FAMS49727,Subscription,25,29-Aug-25,Annual,62476,29-Aug-2025,29-Aug-2026,No,Yes,CT USA,Red Gate,1071,Red Gate Software Ltd,,,,,KDNUDMAZ70MS95J0,,HPR,UnitedHealth Group,Mani Chandana Madireddy
385,Software,.NET Developer Bundle,NA,CTIN-637817,FAMS57332,Perpetual,100,10-Dec-24,Annual,142358,,,Yes,Yes,CT Mindspace-3,Red Gate,1494,Red Gate Software Ltd,,Client Provided,,,,Request ID SR25787,HMT1,Athena,
386,Software,Director Suite,Premium 6,CTIN-266017,FAMS88366,Perpetual,5,18-Mar-19,6 Months,244875,,,No,Yes,CT USA,Cyberlink,,Online,,,,Volume Licensing Site,,Request ID SR99455,HMT2,Humana,Sunil Kumar Prathipati
387,Software,7 Edit,Professional 2,Client Provided,FAMS24115,Subscription,50,22-Dec-22,Perpetual,152998,22-Dec-2022,21-Dec-2024,Yes,No,CT Powai,HL7,155,Embee Software Pvt Ltd,,Client Provided,,Raosaheb,8O1X0DR2RLRPP2SJ,Request ID SR91643,HLS,CVS Health,Sushant Kumar Singh
388,Software,.NET Developer Bundle,NA,CTIN-865252,FAMS98963,Perpetual,5,26-Apr-25,Perpetual,425180,,,No,Yes,CT Powai,Red Gate,1271,Red Gate Software Ltd,INV-61340,,,,ZB3O6NSUV8Q1DYZX,Request ID SR70121,HMT2,GE Healthcare,Sai Charan Gunji
389,Software,Commvault FEDCB Data Protection,Advance-Foundation NA,CTIN-615095,FAMS81580,Perpetual,50,27-Mar-25,6 Months,230020,,,No,Yes,CT India,Commvault,146,Pentagon System And Services Pvt. Ltd,,,,Volume Licensing Site,,,HMT1,GE Healthcare,Abhishek Sharma
390,Software,CP Rhapsody IDE,6.4.1,CTIN-846701,FAMS59939,Perpetual,50,31-Dec-21,Perpetual,231564,,,No,No,CT Mindspace-3,OrionHealth,,Client Provided,,Client Provided,,On Portal,,,HPR,CVS Health,Michael Tucker
391,Software,.NET Developer Bundle,NA,CTIN-303804,FAMS72885,Subscription,50,26-Jun-18,6 Months,27253,26-Jun-2018,26-Jun-2019,Yes,No,CT Mindspace-3,Red Gate,263,Red Gate Software Ltd,INV-18149,,,Integration Team,A98M1VZRABF5YETE,Request ID SR31889,HLS,Devita,Sudalai  Pitchai
392,Software,7 Edit,Professional 2,CTIN-658445,,Subscription,500,26-Sep-22,Perpetual,156142,26-Sep-2022,26-Sep-2023,Yes,No,CT Powai,HL7,1145,Embee Software Pvt Ltd,INV-15312,,,On Portal,7NM7PBVXCK5PDF7G,,Functions (IT),UnitedHealth Group,Satya Sindhu Yellagandula
393,Software,2FA for Jira,Commercial,CTIN-598204,,Subscription,1,15-Jun-24,Perpetual,268305,15-Jun-2024,12-Dec-2024,Yes,Yes,CT Mindspace-3,Atlassian,161,Online,,Client Provided,,PS,GHP1YXF0J6QF0WYQ,,Functions (IT),Humana,
394,Software,2FA for Jira,Commercial,CTIN-613033,FAMS57975,Subscription,25,23-Apr-20,6 Months,81406,23-Apr-2020,23-Apr-2022,Yes,Yes,CT Mindspace-3,Atlassian,,Online,INV-85534,,,,VHFF5RXO88C8X8PB,,HPR,Cigna,Trivikram Kota
395,Software,Q-S-VMDR,NA,CTIN-938798,FAMS16086,Perpetual,3,07-Jul-21,6 Months,78740,,,No,Yes,CT Mindspace-1,Qualys,1271,R S Consulting Services,INV-16108,CCNF,,Integration Team,D8POBZH325YCZ3YS,Request ID SR78804,HMT2,CVS Health,Rishabh Rajesh Dabhade
396,Software,2FA for Jira,Commercial,CTIN-993878,FAMS51855,Perpetual,2,14-May-18,Annual,345448,,,No,Yes,CT India,Atlassian,15,Online,,CCNF,,Raosaheb,BIOG5N4JTAL781BR,Request ID SR46772,HPR,GE Healthcare,Sushil Suresh Shah
397,Software,Traqplan Timeline,NA,CTIN-507351,,Subscription,3,21-May-22,Perpetual,121706,21-May-2022,21-May-2023,No,No,CT Mindspace-3,Traqplan,929,RALCO synergy pvt ltd,,Client Provided,,On Portal,XR5PM145I934Z5FK,Request ID SR83736,Functions (IT),Devita,Peony Jena
398,Software,2FA for Jira,Commercial,CTIN-800275,FAMS65014,Subscription,5,29-Dec-18,Annual,494717,29-Dec-2018,28-Dec-2020,No,No,CT Powai,Atlassian,772,Online,INV-71336,,,Raosaheb,SSBX8HQM81876BHA,,HMT2,Devita,
399,Software,Q-S-VMDR,NA,CTIN-881200,FAMS48772,Perpetual,5,07-May-20,6 Months,385810,,,No,Yes,CT USA,Qualys,,R S Consulting Services,,CCNF,,Integration Team,52VI0A9U58C8TQQZ,Request ID SR98869,HLS,Kaiser Permanente,Pratap Chandra Das
400,Software,CP Rhapsody IDE,6.4.1,CTIN-915113,FAMS10419,Perpetual,500,05-Jul-24,Annual,116419,,,No,No,CT India,OrionHealth,473,Client Provided,,CCNF,,,JCD1Z4J8V81B1SZQ,,HMT2,Cigna,
401,Software,.NET Developer Bundle,NA,CTIN-217408,FAMS90619,Perpetual,500,21-Jul-18,Annual,205330,,,Yes,Yes,CT Mindspace-3,Red Gate,370,Red Gate Software Ltd,,,,Raosaheb,,Request ID SR13346,Functions (IT),Athena,
402,Software,Traqplan Timeline,NA,CTIN-604644,FAMS25362,Perpetual,500,10-Jun-21,6 Months,26924,,,Yes,No,CT India,Traqplan,1275,RALCO synergy pvt ltd,INV-40401,,,Raosaheb,R7HO4PC05Q74RNLI,,HMT1,Athena,Devesh Rajadhyaksha
403,Software,.NET Developer Bundle,NA,Client Provided,FAMS51683,Subscription,500,17-Jan-19,Annual,162886,17-Jan-2019,16-Jan-2021,Yes,No,CT Mindspace-1,Red Gate,726,Red Gate Software Ltd,INV-50491,,,,JZBPOKVMYHKHT2TG,Request ID SR65912,HMT1,Cigna,Deborah A Berry
404,Software,Traqplan Timeline,NA,CTIN-828979,,Subscription,50,15-Jun-21,Annual,263297,15-Jun-2021,15-Jun-2023,Yes,No,CT India,Traqplan,702,RALCO synergy pvt ltd,,,,Volume Licensing Site,0YIYH0NZ2GEVTTTU,Request ID SR55364,Functions (IT),Devita,Rithvik Vishnupantuloo
405,Software,Traqplan Timeline,NA,Client Provided,FAMS65317,Subscription,25,05-Jul-18,Perpetual,345253,05-Jul-2018,05-Jul-2019,No,No,CT Powai,Traqplan,622,RALCO synergy pvt ltd,,CCNF,,Raosaheb,,,HMT1,CVS Health,
406,Software,7 Edit,Professional 2,CTIN-398879,FAMS72713,Subscription,3,16-Nov-23,Perpetual,17183,16-Nov-2023,14-May-2024,Yes,No,CT Mindspace-1,HL7,,Embee Software Pvt Ltd,INV-10780,,,Volume Licensing Site,,Request ID SR37359,HMT2,Cambia,Swaminathan Gopalakrishnan
407,Software,7 Edit,Professional 2,CTIN-749584,FAMS83593,Subscription,500,14-Aug-19,Perpetual,2985,14-Aug-2019,13-Aug-2021,No,Yes,CT USA,HL7,241,Embee Software Pvt Ltd,INV-43318,,,,KR8BNT0MKHLK8ILP,,HLS,UnitedHealth Group,Mani Krishna Devavarapu
408,Software,Commvault FEDCB Data Protection,Advance-Foundation NA,CTIN-401207,FAMS16393,Perpetual,5,19-Apr-24,6 Months,410446,,,No,No,CT Mindspace-1,Commvault,470,Pentagon System And Services Pvt. Ltd,,Client Provided,,PS,E447WFYLTYQ8HX0J,Request ID SR28930,HMT1,GE Healthcare,Deborah A Berry
409,Software,2FA for Jira,Commercial,CTIN-698858,FAMS68579,Perpetual,10,26-Feb-25,Perpetual,397157,,,Yes,No,CT USA,Atlassian,574,Online,,CCNF,,Raosaheb,T1HRFH6PEL8H4L98,Request ID SR76746,HLS,Cigna,Akshay Aamre
410,Software,CP Rhapsody IDE,6.4.1,CTIN-406307,,Subscription,2,07-Jun-24,6 Months,141172,07-Jun-2024,04-Dec-2024,No,Yes,CT Powai,OrionHealth,1266,Client Provided,INV-73695,,,PS,GTY8Y5XWCMLEFTHB,Request ID SR80959,HLS,Athena,Mukesh Pandey
411,Software,.NET Developer Bundle,NA,Client Provided,FAMS74718,Perpetual,100,17-Dec-19,Annual,231808,,,No,No,CT India,Red Gate,330,Red Gate Software Ltd,,CCNF,,Raosaheb,2G17OVRMEMUYX85A,Request ID SR27540,Functions (IT),Cambia,
412,Software,Director Suite,Premium 6,CTIN-528248,FAMS27034,Perpetual,2,28-Dec-23,Annual,243803,,,No,Yes,CT USA,Cyberlink,907,Online,INV-21191,Client Provided,,Volume Licensing Site,CXONMQ0LHXABYITQ,,Functions (IT),GE Healthcare,Vineeth Chowdary Tripuraneni
413,Software,2FA for Jira,Commercial,CTIN-740823,FAMS30783,Perpetual,25,28-Feb-25,6 Months,404831,,,No,Yes,CT India,Atlassian,426,Online,,,,,PB0X8SMDRQ9HO6WK,Request ID SR50824,HMT2,CVS Health,
414,Software,CP Rhapsody IDE,6.4.1,Client Provided,,Perpetual,2000,08-Nov-20,Perpetual,494126,,,No,Yes,CT USA,OrionHealth,,Client Provided,,CCNF,,,X14N70QJNFFQO5OJ,Request ID SR89573,HMT1,GE Healthcare,
415,Software,7 Edit,Professional 2,CTIN-384677,FAMS24693,Subscription,10,07-Feb-18,Annual,179720,07-Feb-2018,06-Aug-2018,No,No,CT Powai,HL7,,Embee Software Pvt Ltd,,CCNF,,Raosaheb,03P8TNAAAPVXXH17,,Functions (IT),Athena,Amaresh Panda
416,Software,CP Rhapsody IDE,6.4.1,CTIN-664786,,Subscription,2,04-Apr-19,Perpetual,414596,04-Apr-2019,03-Apr-2020,No,Yes,CT Mindspace-3,OrionHealth,828,Client Provided,,,,,,Request ID SR49732,HMT2,Kaiser Permanente,
417,Software,2FA for Jira,Commercial,CTIN-566329,FAMS32124,Subscription,25,17-May-23,6 Months,255352,17-May-2023,16-May-2024,Yes,Yes,CT India,Atlassian,857,Online,,Client Provided,,Volume Licensing Site,JCI0PHTYA6E3430Z,,HPR,CVS Health,Michael Benedetto
418,Software,2FA for Jira,Commercial,CTIN-870682,FAMS30365,Perpetual,500,11-Dec-23,Annual,305291,,,No,No,CT Mindspace-3,Atlassian,956,Online,INV-34510,,,On Portal,UVNK9CY69KHYBK0W,,HLS,UnitedHealth Group,
419,Software,Director Suite,Premium 6,CTIN-130787,,Perpetual,500,22-Nov-18,6 Months,296264,,,No,Yes,CT USA,Cyberlink,508,Online,,Client Provided,,On Portal,5FIIVRQXOXYNMS07,Request ID SR88531,HPR,Cigna,Pawan Lowanshi
420,Software,7 Edit,Professional 2,CTIN-885944,FAMS37716,Subscription,100,12-Dec-22,Perpetual,412925,12-Dec-2022,12-Dec-2023,No,Yes,CT India,HL7,371,Embee Software Pvt Ltd,INV-53885,,,PS,8FX11UUGG5JAFNO7,Request ID SR81738,Functions (IT),Kaiser Permanente,Indra Goel
421,Software,7 Edit,Professional 2,CTIN-948199,FAMS61143,Subscription,5,15-Jun-24,Annual,420166,15-Jun-2024,15-Jun-2026,No,Yes,CT Powai,HL7,,Embee Software Pvt Ltd,INV-88605,,,On Portal,,Request ID SR24431,HPR,Kaiser Permanente,Durga Prasanth Vanapalli
422,Software,.NET Developer Bundle,NA,CTIN-355501,FAMS54871,Perpetual,500,13-Nov-25,Annual,17423,,,Yes,No,CT USA,Red Gate,,Red Gate Software Ltd,,,,PS,UM2VOW0GVYT1P8CN,Request ID SR43511,HMT2,UnitedHealth Group,Sai Kiran Varaganti
423,Software,Commvault FEDCB Data Protection,Advance-Foundation NA,CTIN-115541,FAMS33016,Perpetual,100,26-Jul-21,6 Months,87917,,,No,Yes,CT Mindspace-1,Commvault,,Pentagon System And Services Pvt. Ltd,,Client Provided,,Volume Licensing Site,TARVS4ITH2RITO1T,,Functions (IT),Kaiser Permanente,Kommu Pracheen Kumar
424,Software,Traqplan Timeline,NA,CTIN-473114,FAMS87942,Subscription,3,23-Apr-18,6 Months,337750,23-Apr-2018,23-Apr-2019,Yes,Yes,CT Powai,Traqplan,458,RALCO synergy pvt ltd,INV-44830,Client Provided,,Volume Licensing Site,0JALTSGGPBHD4ISW,,HMT1,UnitedHealth Group,Chintan Mehta
425,Software,7 Edit,Professional 2,CTIN-647051,FAMS30793,Perpetual,2,27-Dec-25,Annual,204440,,,Yes,No,CT Powai,HL7,976,Embee Software Pvt Ltd,,,,PS,,,HPR,Elevance Health,
426,Software,CP Rhapsody IDE,6.4.1,Client Provided,,Subscription,5,25-May-19,6 Months,387538,25-May-2019,24-May-2021,Yes,Yes,CT India,OrionHealth,,Client Provided,INV-82667,Client Provided,,Volume Licensing Site,,,HHP,Elevance Health,Surendrasingh Chaupawat
427,Software,Q-S-VMDR,NA,CTIN-804916,FAMS95032,Subscription,500,09-Dec-25,Annual,400557,09-Dec-2025,07-Jun-2026,Yes,Yes,CT Mindspace-1,Qualys,966,R S Consulting Services,INV-12293,CCNF,,,5BTWZ30VQUCSS8XQ,Request ID SR10050,Functions (IT),CVS Health,Amol Neharkar
428,Software,Traqplan Timeline,NA,CTIN-256336,,Perpetual,500,11-Sep-19,Annual,468880,,,Yes,No,CT Mindspace-1,Traqplan,754,RALCO synergy pvt ltd,,Client Provided,,On Portal,77CO24MMLGQ4YM93,Request ID SR52231,Functions (IT),Cambia,Yamini  Polavarapu
429,Software,.NET Developer Bundle,NA,CTIN-358625,FAMS32820,Perpetual,3,29-May-19,Perpetual,83421,,,Yes,No,CT India,Red Gate,484,Red Gate Software Ltd,INV-64142,Client Provided,,Raosaheb,,Request ID SR79367,HHP,Devita,Saji Kumar Ramachandran Pillai
430,Software,CP Rhapsody IDE,6.4.1,CTIN-533119,FAMS97194,Subscription,25,15-May-25,Annual,26152,15-May-2025,15-May-2027,Yes,No,CT India,OrionHealth,,Client Provided,INV-27656,,,,,Request ID SR54985,Functions (IT),Cambia,Nitin Singhal
431,Software,2FA for Jira,Commercial,CTIN-182130,FAMS76986,Perpetual,100,03-Jun-20,Annual,270973,,,Yes,No,CT Mindspace-3,Atlassian,567,Online,,,,PS,FY0GU4I7F6XWG1D1,,HMT1,Humana,Amandeep Singh  Bassi
432,Software,2FA for Jira,Commercial,CTIN-329300,,Subscription,3,30-Aug-24,Perpetual,3106,30-Aug-2024,26-Feb-2025,Yes,No,CT Powai,Atlassian,1218,Online,,CCNF,,,HA2213AZYRO1SSC5,Request ID SR81688,HPR,Devita,
433,Software,Director Suite,Premium 6,CTIN-690258,FAMS76144,Subscription,25,14-May-20,Perpetual,242235,14-May-2020,14-May-2021,Yes,Yes,CT Mindspace-3,Cyberlink,0,Online,INV-66799,Client Provided,,On Portal,NK37P4Z6AZ0MTLGX,,HPR,Athena,Fauzia Dinesh
434,Software,2FA for Jira,Commercial,CTIN-508693,FAMS22787,Perpetual,2000,24-Jan-26,6 Months,35086,,,Yes,Yes,CT India,Atlassian,1256,Online,INV-98314,CCNF,,Integration Team,82XGNPVGBDS67UG1,Request ID SR33428,HLS,Athena,Saket Verma
435,Software,Commvault FEDCB Data Protection,Advance-Foundation NA,Client Provided,FAMS79111,Perpetual,5,17-Nov-18,Perpetual,405789,,,No,No,CT Powai,Commvault,683,Pentagon System And Services Pvt. Ltd,INV-90006,Client Provided,,,,,HPR,UnitedHealth Group,
436,Software,Director Suite,Premium 6,CTIN-951183,FAMS88299,Perpetual,2,01-Dec-19,6 Months,437813,,,Yes,No,CT Powai,Cyberlink,,Online,,CCNF,,PS,,Request ID SR73727,HMT1,GE Healthcare,Nandhini Ganesan
437,Software,7 Edit,Professional 2,Client Provided,FAMS45408,Perpetual,500,09-Nov-25,6 Months,377193,,,Yes,Yes,CT India,HL7,1081,Embee Software Pvt Ltd,,CCNF,,Integration Team,6IZN6PNFE43MHG9P,Request ID SR78844,HMT1,Kaiser Permanente,Prashanth Reddy Yengannagari
438,Software,CP Rhapsody IDE,6.4.1,CTIN-122266,FAMS46968,Subscription,100,02-Apr-24,Annual,385746,02-Apr-2024,29-Sep-2024,No,No,CT Mindspace-3,OrionHealth,,Client Provided,,,,Volume Licensing Site,HBM2HJFUUMPD9S5E,Request ID SR10061,HMT2,Cigna,
439,Software,Traqplan Timeline,NA,CTIN-222037,FAMS99018,Perpetual,50,14-Jan-18,Annual,205820,,,Yes,Yes,CT USA,Traqplan,806,RALCO synergy pvt ltd,INV-48543,Client Provided,,Integration Team,OBXFD975SPV6TFAE,Request ID SR13619,HMT1,GE Healthcare,Bhargavkumar Pottella
440,Software,2FA for Jira,Commercial,CTIN-463694,FAMS86069,Subscription,50,19-Feb-22,Annual,330078,19-Feb-2022,18-Aug-2022,No,Yes,CT Mindspace-3,Atlassian,,Online,,Client Provided,,,HASQ9FGLR6WN652G,Request ID SR79390,HMT2,Cambia,
441,Software,Traqplan Timeline,NA,CTIN-878839,FAMS15607,Perpetual,10,16-Apr-18,6 Months,9093,,,No,No,CT Powai,Traqplan,,RALCO synergy pvt ltd,,Client Provided,,Integration Team,,Request ID SR85750,HLS,CVS Health,Sivakumar Nidiginti
442,Software,Commvault FEDCB Data Protection,Advance-Foundation NA,CTIN-473692,,Perpetual,1,10-Aug-24,6 Months,310378,,,No,No,CT India,Commvault,322,Pentagon System And Services Pvt. Ltd,,,,On Portal,,Request ID SR80711,HMT1,Cambia,Parag Pathari
443,Software,2FA for Jira,Commercial,CTIN-104942,FAMS92872,Perpetual,5,23-Aug-18,Annual,182628,,,No,No,CT India,Atlassian,1370,Online,,CCNF,,Integration Team,DC46EW5I3IB7F0NU,,HMT1,Athena,Vijaya Kumar Guntumadugu
444,Software,Director Suite,Premium 6,CTIN-851683,FAMS31398,Subscription,100,15-Jul-25,Perpetual,192804,15-Jul-2025,11-Jan-2026,No,No,CT Mindspace-3,Cyberlink,715,Online,INV-89163,CCNF,,Raosaheb,O7JY9AK9TJLRI7W7,,Functions (IT),Elevance Health,Minhwa Lee
445,Software,.NET Developer Bundle,NA,CTIN-521685,,Subscription,5,30-Aug-23,Perpetual,195086,30-Aug-2023,29-Aug-2025,Yes,Yes,CT Mindspace-3,Red Gate,384,Red Gate Software Ltd,INV-75926,,,Integration Team,OFX04B642NYCH49F,Request ID SR83448,HMT1,UnitedHealth Group,Michael Benedetto
446,Software,.NET Developer Bundle,NA,Client Provided,FAMS64828,Perpetual,25,07-Aug-20,Annual,333127,,,No,Yes,CT Mindspace-1,Red Gate,23,Red Gate Software Ltd,INV-66852,,,On Portal,6FBSE5B8GPAXGJ7K,,HLS,Kaiser Permanente,
447,Software,Director Suite,Premium 6,CTIN-884614,FAMS47125,Subscription,10,25-Nov-25,6 Months,248097,25-Nov-2025,25-Nov-2026,Yes,Yes,CT Mindspace-1,Cyberlink,794,Online,,CCNF,,,8IORVWO9EW2QNKV1,Request ID SR80214,HLS,Elevance Health,Priyanka Arya Chandra
448,Software,2FA for Jira,Commercial,CTIN-738443,FAMS45806,Perpetual,3,26-Dec-21,Annual,238963,,,No,No,CT Mindspace-1,Atlassian,737,Online,,,,PS,RD5547UTM0O5HV34,Request ID SR28366,HHP,UnitedHealth Group,
449,Software,7 Edit,Professional 2,CTIN-872908,FAMS71275,Subscription,500,20-May-25,6 Months,187566,20-May-2025,16-Nov-2025,No,Yes,CT India,HL7,1468,Embee Software Pvt Ltd,,,,On Portal,95FPGFYKUSN8HZ5L,Request ID SR59115,HPR,Kaiser Permanente,Rajiv Kumar  Singh
450,Software,Commvault FEDCB Data Protection,Advance-Foundation NA,Client Provided,FAMS96061,Perpetual,500,13-Sep-21,6 Months,121558,,,No,Yes,CT USA,Commvault,,Pentagon System And Services Pvt. Ltd,INV-16493,Client Provided,,On Portal,XB7SV0VC0IQ86ZPA,Request ID SR59836,HMT1,Elevance Health,Rithvik Vishnupantuloo
451,Software,7 Edit,Professional 2,CTIN-503549,FAMS41619,Perpetual,10,27-Jan-23,6 Months,471118,,,No,Yes,CT India,HL7,1040,Embee Software Pvt Ltd,,,,Integration Team,3CEACEOHCP9JPTW2,Request ID SR99637,HMT2,UnitedHealth Group,Minhwa Lee
452,Software,CP Rhapsody IDE,6.4.1,CTIN-379780,FAMS54654,Perpetual,2000,07-Jun-25,Annual,221514,,,No,Yes,CT Mindspace-3,OrionHealth,,Client Provided,,Client Provided,,Integration Team,A9CTVWGLM65SX4UQ,Request ID SR34565,HLS,Kaiser Permanente,Nicole Boyer
453,Software,CP Rhapsody IDE,6.4.1,CTIN-841369,FAMS67495,Subscription,3,21-Oct-22,Annual,104819,21-Oct-2022,21-Oct-2023,No,No,CT USA,OrionHealth,131,Client Provided,,CCNF,,Raosaheb,,,HMT2,GE Healthcare,Mahesh Nisar
454,Software,CP Rhapsody IDE,6.4.1,CTIN-991862,FAMS52511,Subscription,2,19-Nov-25,Annual,440913,19-Nov-2025,18-May-2026,No,Yes,CT USA,OrionHealth,1084,Client Provided,,,,Raosaheb,D98W5Q0S8QSNUFU1,Request ID SR91098,HLS,Cambia,Srinivas Geddada
455,Software,.NET Developer Bundle,NA,CTIN-832169,FAMS90563,Subscription,5,03-Jan-18,6 Months,323540,03-Jan-2018,03-Jan-2019,Yes,Yes,CT USA,Red Gate,,Red Gate Software Ltd,,Client Provided,,,JZQKC23V78F6F5O6,,HHP,Humana,Vanaja Duggirala
456,Software,7 Edit,Professional 2,Client Provided,FAMS55265,Perpetual,50,29-Apr-21,Perpetual,140848,,,No,No,CT USA,HL7,138,Embee Software Pvt Ltd,INV-50789,CCNF,,Volume Licensing Site,S9HNZDOELEI3P8BT,,HLS,CVS Health,Vamshi Krishna Janagam
457,Software,Traqplan Timeline,NA,CTIN-977651,FAMS49415,Subscription,10,07-Nov-19,Perpetual,48007,07-Nov-2019,05-May-2020,Yes,No,CT Mindspace-1,Traqplan,1428,RALCO synergy pvt ltd,INV-75486,,,Integration Team,,Request ID SR98969,HMT1,Devita,Bhooshan Sapre
458,Software,2FA for Jira,Commercial,CTIN-565255,FAMS60104,Perpetual,10,27-May-22,Perpetual,95028,,,No,Yes,CT USA,Atlassian,658,Online,,,,PS,E1SYHZD8H03HC2UN,Request ID SR59600,HHP,Cigna,Kayla Bentz
459,Software,7 Edit,Professional 2,CTIN-488342,FAMS35248,Subscription,5,05-Sep-21,Perpetual,238837,05-Sep-2021,04-Mar-2022,Yes,Yes,CT USA,HL7,862,Embee Software Pvt Ltd,,,,PS,,Request ID SR52618,HLS,Devita,John O'Day
460,Software,Director Suite,Premium 6,CTIN-203827,FAMS13322,Perpetual,5,10-Jul-21,Perpetual,145500,,,No,Yes,CT India,Cyberlink,108,Online,,,,Volume Licensing Site,,Request ID SR83408,HMT2,CVS Health,Shikha Sharma
461,Software,Commvault FEDCB Data Protection,Advance-Foundation NA,CTIN-513778,FAMS53329,Subscription,2,26-Mar-25,Annual,423536,26-Mar-2025,26-Mar-2027,Yes,No,CT USA,Commvault,22,Pentagon System And Services Pvt. Ltd,,Client Provided,,Integration Team,,Request ID SR82595,HMT1,UnitedHealth Group,Manisha Choudhury
462,Software,7 Edit,Professional 2,CTIN-628514,,Subscription,3,07-Jun-25,Perpetual,489200,07-Jun-2025,07-Jun-2027,No,No,CT Mindspace-3,HL7,1234,Embee Software Pvt Ltd,,,,Volume Licensing Site,DV8B4ZFFM2D4UCWW,,HLS,CVS Health,Saritha Bodapati
463,Software,.NET Developer Bundle,NA,CTIN-970143,FAMS81043,Subscription,2000,28-Oct-23,Annual,446597,28-Oct-2023,27-Oct-2025,Yes,Yes,CT USA,Red Gate,1058,Red Gate Software Ltd,,Client Provided,,Raosaheb,,Request ID SR97596,HHP,Athena,Mohan Vadamala
464,Software,.NET Developer Bundle,NA,CTIN-248421,FAMS87551,Subscription,2,03-Mar-20,6 Months,404102,03-Mar-2020,30-Aug-2020,No,No,CT Mindspace-3,Red Gate,,Red Gate Software Ltd,,,,Volume Licensing Site,II7X2TQFOT8IMRQ8,Request ID SR91522,Functions (IT),GE Healthcare,
465,Software,CP Rhapsody IDE,6.4.1,CTIN-431090,FAMS60466,Subscription,50,08-Jun-22,Perpetual,49450,08-Jun-2022,08-Jun-2023,Yes,Yes,CT India,OrionHealth,1260,Client Provided,INV-63801,CCNF,,PS,4XQGLG2WZR77OSG3,Request ID SR66938,HLS,Cambia,
466,Software,2FA for Jira,Commercial,CTIN-655734,FAMS95667,Perpetual,100,20-Jun-22,6 Months,455823,,,No,No,CT USA,Atlassian,346,Online,,,,On Portal,E0Z714UUVOC88V3C,,Functions (IT),Cigna,
467,Software,2FA for Jira,Commercial,Client Provided,FAMS56362,Subscription,5,03-Mar-20,6 Months,38477,03-Mar-2020,03-Mar-2021,Yes,No,CT India,Atlassian,1196,Online,,CCNF,,Volume Licensing Site,VMAX46XS2QHH0LRV,Request ID SR80225,HHP,Cigna,
468,Software,.NET Developer Bundle,NA,CTIN-561301,FAMS36637,Subscription,50,19-Dec-25,6 Months,233793,19-Dec-2025,17-Jun-2026,Yes,Yes,CT Mindspace-3,Red Gate,1037,Red Gate Software Ltd,INV-26230,CCNF,,On Portal,0LPRKV6HAQ6RXI71,,HMT1,Cigna,Deborah A Berry
469,Software,CP Rhapsody IDE,6.4.1,CTIN-980340,FAMS45104,Perpetual,3,16-May-23,6 Months,141888,,,No,No,CT India,OrionHealth,783,Client Provided,,Client Provided,,Integration Team,E5YM3VCRIME5U5MD,,HMT2,UnitedHealth Group,Sai Charan Gunji
470,Software,Director Suite,Premium 6,CTIN-716714,,Subscription,3,05-May-23,Annual,30161,05-May-2023,04-May-2025,Yes,Yes,CT USA,Cyberlink,1385,Online,INV-41206,,,Integration Team,RDRP61D3OUO24MA3,,HLS,Cambia,Rithvik Vishnupantuloo
471,Software,.NET Developer Bundle,NA,CTIN-197242,FAMS95632,Perpetual,2,23-Jun-19,Annual,369680,,,Yes,No,CT India,Red Gate,1299,Red Gate Software Ltd,,CCNF,,PS,HN9OAJQEW63CW7TG,,HMT1,Devita,Shashank Jaina
472,Software,.NET Developer Bundle,NA,Client Provided,,Perpetual,500,18-Jun-18,6 Months,38475,,,No,Yes,CT USA,Red Gate,,Red Gate Software Ltd,,Client Provided,,,X2KTWBFEGX859AEH,Request ID SR24999,HMT2,Cambia,Akshay Aamre
473,Software,2FA for Jira,Commercial,CTIN-635075,FAMS53601,Subscription,500,02-Sep-25,6 Months,250319,02-Sep-2025,02-Sep-2027,No,Yes,CT Mindspace-3,Atlassian,750,Online,INV-66430,,,On Portal,WRYWW4Z02SO3DSG1,,HLS,Elevance Health,
474,Software,Director Suite,Premium 6,CTIN-188941,FAMS95962,Subscription,10,10-Sep-21,Perpetual,167699,10-Sep-2021,10-Sep-2022,No,Yes,CT India,Cyberlink,,Online,,,,,25LQWMIFX8RB22L9,,HMT2,Kaiser Permanente,
475,Software,CP Rhapsody IDE,6.4.1,CTIN-472693,FAMS42809,Perpetual,3,19-Sep-20,Perpetual,80128,,,No,No,CT India,OrionHealth,929,Client Provided,,,,PS,UI28JGNCUOYL5JLC,Request ID SR85424,HPR,Elevance Health,
476,Software,Director Suite,Premium 6,CTIN-691229,FAMS10585,Subscription,50,04-May-24,6 Months,117303,04-May-2024,31-Oct-2024,Yes,Yes,CT India,Cyberlink,,Online,INV-59814,,,,EOPCJ8BMKJ8PCE2K,,HMT1,Athena,Sivakumar Nidiginti
477,Software,7 Edit,Professional 2,CTIN-840952,FAMS23050,Subscription,1,06-Nov-18,Annual,104068,06-Nov-2018,06-Nov-2019,No,Yes,CT USA,HL7,132,Embee Software Pvt Ltd,,CCNF,,On Portal,GLB6TVDJXWVAMU0L,,HMT2,UnitedHealth Group,Naveen Kumar Bayya
478,Software,CP Rhapsody IDE,6.4.1,CTIN-360971,FAMS36449,Perpetual,50,14-Jul-21,Annual,282759,,,Yes,Yes,CT Mindspace-1,OrionHealth,432,Client Provided,,,,Raosaheb,J4Y49VEOW5WAGRS7,Request ID SR32969,HMT2,CVS Health,Sumant Jena
479,Software,Director Suite,Premium 6,Client Provided,FAMS72174,Subscription,50,25-Sep-22,Annual,273307,25-Sep-2022,24-Sep-2024,Yes,No,CT Mindspace-1,Cyberlink,191,Online,,,,PS,CAU0LUJ8D9OM3OZW,Request ID SR96443,Functions (IT),Devita,Yashwanth Ramachandra
480,Software,CP Rhapsody IDE,6.4.1,Client Provided,FAMS54628,Subscription,10,14-Sep-20,Annual,110467,14-Sep-2020,14-Sep-2022,No,Yes,CT Mindspace-1,OrionHealth,,Client Provided,INV-11596,,,PS,2FZNEI9ZM1AQ88HC,,HMT2,Devita,Chaitanya Maruthi
481,Software,Q-S-VMDR,NA,Client Provided,,Perpetual,10,08-Mar-23,Perpetual,65857,,,Yes,No,CT Mindspace-1,Qualys,630,R S Consulting Services,INV-44649,CCNF,,Volume Licensing Site,GZCPQE6C78TP0CEG,Request ID SR52992,HMT1,Athena,Sreekanth  Kotapati
482,Software,CP Rhapsody IDE,6.4.1,CTIN-199792,,Subscription,2,25-Apr-20,6 Months,406573,25-Apr-2020,25-Apr-2022,Yes,Yes,CT USA,OrionHealth,341,Client Provided,,,,Integration Team,,,Functions (IT),Cigna,
483,Software,CP Rhapsody IDE,6.4.1,CTIN-832692,FAMS36678,Perpetual,100,18-Sep-20,Perpetual,193621,,,No,No,CT India,OrionHealth,1419,Client Provided,INV-94441,,,On Portal,FDZXI4T9BOTU23ZU,Request ID SR51097,HMT1,GE Healthcare,Gopi Krishna Peedi
484,Software,Traqplan Timeline,NA,CTIN-619463,FAMS50612,Subscription,1,13-Jul-22,Perpetual,405652,13-Jul-2022,12-Jul-2024,Yes,No,CT Mindspace-3,Traqplan,1343,RALCO synergy pvt ltd,INV-16830,,,On Portal,55JEGDDX3WX2B0QN,Request ID SR50549,HMT2,CVS Health,Amit Chauhan
485,Software,Director Suite,Premium 6,CTIN-542736,,Perpetual,50,11-Mar-21,Annual,137292,,,No,Yes,CT Powai,Cyberlink,1455,Online,,,,On Portal,ME06KFBFS706F37U,,HMT2,Devita,Harshini Degala
486,Software,7 Edit,Professional 2,CTIN-670853,FAMS19353,Subscription,2000,06-Aug-22,Perpetual,349895,06-Aug-2022,05-Aug-2024,No,No,CT Mindspace-3,HL7,1185,Embee Software Pvt Ltd,,,,PS,T8E42J2V2D1BXXEY,Request ID SR88746,HPR,Athena,
487,Software,CP Rhapsody IDE,6.4.1,CTIN-332609,FAMS62039,Subscription,2,24-Mar-19,Annual,345407,24-Mar-2019,23-Mar-2020,No,No,CT Mindspace-1,OrionHealth,,Client Provided,,Client Provided,,On Portal,J9BTKGUK2KCVDHA8,,HHP,GE Healthcare,
488,Software,Traqplan Timeline,NA,CTIN-640625,,Subscription,5,21-Jun-23,Perpetual,239509,21-Jun-2023,20-Jun-2024,No,No,CT Mindspace-3,Traqplan,,RALCO synergy pvt ltd,,,,,UD8IMUYJHJI9BABV,Request ID SR79737,HHP,Cigna,Kommu Pracheen Kumar
489,Software,Director Suite,Premium 6,CTIN-379485,,Subscription,100,19-May-25,Perpetual,416232,19-May-2025,19-May-2027,No,Yes,CT USA,Cyberlink,341,Online,,,,On Portal,1IRNS39P0CU8NJEP,Request ID SR50720,HPR,Cambia,Mahesh Nisar
490,Software,Q-S-VMDR,NA,CTIN-549603,FAMS58488,Perpetual,5,26-Mar-21,6 Months,348723,,,Yes,Yes,CT Powai,Qualys,920,R S Consulting Services,,,,Volume Licensing Site,V05HXZP8RDSH8MWD,Request ID SR17315,HHP,UnitedHealth Group,Avinash Eppalapally
491,Software,Traqplan Timeline,NA,CTIN-944814,FAMS66260,Perpetual,5,12-Jul-19,Perpetual,385782,,,No,Yes,CT Mindspace-1,Traqplan,159,RALCO synergy pvt ltd,,CCNF,,PS,5FUZ09XVZXSAHZTB,,HMT1,Cambia,Saurav Acharya
492,Software,7 Edit,Professional 2,CTIN-988226,,Subscription,25,09-Jan-25,Annual,485379,09-Jan-2025,08-Jul-2025,Yes,No,CT India,HL7,695,Embee Software Pvt Ltd,INV-71427,Client Provided,,Integration Team,G07ET1Z12JWL9H95,Request ID SR88669,HLS,UnitedHealth Group,Jarvis Ross
493,Software,Q-S-VMDR,NA,CTIN-662583,FAMS62677,Subscription,2000,17-Jul-18,Perpetual,98411,17-Jul-2018,16-Jul-2020,Yes,No,CT India,Qualys,1423,R S Consulting Services,INV-54979,,,,TXWUKPRA7AQRBHER,,HLS,Kaiser Permanente,Srinivas Geddada
494,Software,Q-S-VMDR,NA,CTIN-318656,FAMS32196,Subscription,100,16-Sep-25,6 Months,281607,16-Sep-2025,16-Sep-2027,No,No,CT Powai,Qualys,91,R S Consulting Services,,Client Provided,,Integration Team,Q764SL9WJ0K0DFKR,Request ID SR45797,HLS,Cambia,
495,Software,7 Edit,Professional 2,CTIN-552536,,Subscription,3,08-Nov-23,Annual,341133,08-Nov-2023,07-Nov-2024,Yes,Yes,CT Mindspace-3,HL7,,Embee Software Pvt Ltd,,,,Integration Team,G5U5DH0EQR3O4ZFU,Request ID SR44593,HMT2,Cigna,Komal Sunil Tannu
496,Software,CP Rhapsody IDE,6.4.1,CTIN-333220,FAMS12444,Subscription,1,03-Mar-18,Perpetual,303593,03-Mar-2018,03-Mar-2019,No,No,CT Powai,OrionHealth,1297,Client Provided,,,,PS,F5A8Q4LV4MHDETNL,,HHP,Devita,
497,Software,Traqplan Timeline,NA,Client Provided,FAMS48044,Subscription,100,23-May-24,6 Months,215822,23-May-2024,23-May-2026,Yes,Yes,CT Mindspace-1,Traqplan,,RALCO synergy pvt ltd,,,,PS,,Request ID SR59576,HMT2,UnitedHealth Group,Suresh Muppala
498,Software,7 Edit,Professional 2,Client Provided,FAMS22497,Subscription,5,19-Mar-23,Perpetual,163290,19-Mar-2023,15-Sep-2023,No,No,CT Mindspace-3,HL7,1286,Embee Software Pvt Ltd,,,,PS,J56WLS60TBFTM03Q,,HLS,Cambia,
499,Software,Traqplan Timeline,NA,CTIN-547373,FAMS74540,Subscription,2000,29-Dec-21,6 Months,85442,29-Dec-2021,29-Dec-2023,Yes,Yes,CT Mindspace-1,Traqplan,17,RALCO synergy pvt ltd,,,,On Portal,KSDBDIT9X1KLD7VV,,HMT1,Kaiser Permanente,Kuran Nayee
500,Software,Commvault FEDCB Data Protection,Advance-Foundation NA,CTIN-355966,,Perpetual,50,21-Jul-18,6 Months,369329,,,No,No,CT Mindspace-1,Commvault,394,Pentagon System And Services Pvt. Ltd,INV-75293,Client Provided,,PS,8W38I30AQZGPLH30,,Functions (IT),Humana,
501,Software,.NET Developer Bundle,NA,Client Provided,,Subscription,50,03-Jan-19,Annual,63644,03-Jan-2019,03-Jan-2020,No,Yes,CT USA,Red Gate,448,Red Gate Software Ltd,INV-24326,Client Provided,,Raosaheb,,Request ID SR68463,Functions (IT),GE Healthcare,
502,Software,7 Edit,Professional 2,CTIN-325788,FAMS25636,Perpetual,1,14-Jan-18,Annual,275860,,,No,No,CT Mindspace-3,HL7,,Embee Software Pvt Ltd,,,,,RKX1TM7GTHFZBGHI,Request ID SR84219,HMT2,Cambia,
503,Software,7 Edit,Professional 2,CTIN-606959,,Perpetual,50,20-Feb-26,Perpetual,449836,,,Yes,Yes,CT Mindspace-3,HL7,104,Embee Software Pvt Ltd,,CCNF,,Volume Licensing Site,2RWQM8OIK4W5Z5MW,Request ID SR94036,HHP,Devita,Siddharth Nagnath Bhurke
504,Software,7 Edit,Professional 2,CTIN-220725,FAMS53982,Perpetual,3,17-Jan-20,Annual,478141,,,Yes,No,CT Mindspace-1,HL7,197,Embee Software Pvt Ltd,,,,Raosaheb,AC4ZWAT1BQXVZ3S7,Request ID SR54309,HHP,GE Healthcare,Durga Prasanth Vanapalli
505,Software,Traqplan Timeline,NA,CTIN-933582,FAMS48114,Subscription,25,04-Jul-21,Annual,190325,04-Jul-2021,04-Jul-2022,Yes,Yes,CT Mindspace-3,Traqplan,942,RALCO synergy pvt ltd,INV-40860,,,Volume Licensing Site,Y8WRPQPRURO9IO8Q,,HMT1,Kaiser Permanente,Vanaja Duggirala
506,Software,.NET Developer Bundle,NA,CTIN-464261,,Subscription,500,17-Jun-21,Perpetual,92513,17-Jun-2021,17-Jun-2022,Yes,No,CT India,Red Gate,,Red Gate Software Ltd,,,,Volume Licensing Site,3D3LUTS9Z5V5FCZB,Request ID SR26689,HPR,Devita,Prathyusha Mandala
507,Software,Q-S-VMDR,NA,CTIN-821962,FAMS92052,Perpetual,5,21-Oct-25,6 Months,163037,,,No,No,CT India,Qualys,722,R S Consulting Services,,Client Provided,,Integration Team,NJLPOBGHK9S0LHMU,,HMT1,UnitedHealth Group,Mokshitha  Dwarasala
508,Software,7 Edit,Professional 2,CTIN-854395,FAMS17977,Perpetual,500,23-Jun-19,6 Months,61293,,,Yes,No,CT Mindspace-1,HL7,969,Embee Software Pvt Ltd,INV-53353,CCNF,,On Portal,CDFG17KRJZQBBA09,Request ID SR54079,HMT2,Cigna,Parag Pattankar
509,Software,Commvault FEDCB Data Protection,Advance-Foundation NA,CTIN-766169,FAMS52934,Perpetual,5,15-Nov-18,Perpetual,5834,,,No,No,CT USA,Commvault,970,Pentagon System And Services Pvt. Ltd,INV-42765,,,On Portal,AXIJQZHAVPQEPVOI,Request ID SR99630,HMT1,Devita,
510,Software,.NET Developer Bundle,NA,CTIN-925462,FAMS75734,Subscription,25,12-Dec-22,6 Months,117609,12-Dec-2022,12-Dec-2023,No,No,CT Mindspace-1,Red Gate,1352,Red Gate Software Ltd,,CCNF,,On Portal,TQHEU80MSHN23ROB,Request ID SR76989,HMT1,Elevance Health,Sneha Kulkarni
511,Software,Commvault FEDCB Data Protection,Advance-Foundation NA,CTIN-318841,FAMS56706,Subscription,25,09-Jul-25,6 Months,130954,09-Jul-2025,09-Jul-2027,Yes,No,CT Powai,Commvault,812,Pentagon System And Services Pvt. Ltd,,,,PS,,,Functions (IT),Athena,Simran  Gopalpuria Jaiswal
512,Software,Director Suite,Premium 6,CTIN-172604,FAMS19462,Subscription,3,02-Feb-22,6 Months,137749,02-Feb-2022,02-Feb-2023,No,Yes,CT Mindspace-1,Cyberlink,158,Online,,,,Integration Team,B6NIBITFTFXATQZ4,,Functions (IT),Athena,Praveen Kanoor
513,Software,CP Rhapsody IDE,6.4.1,CTIN-203747,FAMS40723,Subscription,25,30-Apr-24,6 Months,449691,30-Apr-2024,27-Oct-2024,Yes,No,CT Powai,OrionHealth,,Client Provided,,,,On Portal,RM69S64CAVUI6A6Q,Request ID SR73725,Functions (IT),GE Healthcare,Sai Ramya Maddini
514,Software,Director Suite,Premium 6,CTIN-505671,,Subscription,5,04-Jul-22,Perpetual,352883,04-Jul-2022,04-Jul-2023,No,Yes,CT Powai,Cyberlink,1037,Online,,Client Provided,,Raosaheb,UDKAP6EH3CZ2SQKN,Request ID SR65273,HHP,Devita,
515,Software,7 Edit,Professional 2,CTIN-652536,FAMS27612,Subscription,3,04-Oct-23,Perpetual,308085,04-Oct-2023,03-Oct-2025,No,No,CT Mindspace-3,HL7,915,Embee Software Pvt Ltd,INV-62438,,,Integration Team,TJR8TJVA6ZC9V3JC,,HMT1,Humana,
516,Software,Commvault FEDCB Data Protection,Advance-Foundation NA,Client Provided,FAMS12154,Subscription,2,15-Mar-26,Perpetual,301198,15-Mar-2026,14-Mar-2028,Yes,No,CT Powai,Commvault,160,Pentagon System And Services Pvt. Ltd,INV-76163,,,On Portal,BJ6FY3KYZR1BGV8X,Request ID SR33587,HLS,Humana,Praveen Kanoor
517,Software,CP Rhapsody IDE,6.4.1,CTIN-180856,,Subscription,5,22-Feb-19,Perpetual,55780,22-Feb-2019,21-Aug-2019,Yes,No,CT USA,OrionHealth,,Client Provided,,,,,,,HPR,Kaiser Permanente,Niloy Datta
518,Software,.NET Developer Bundle,NA,CTIN-369117,,Subscription,2000,04-May-23,Perpetual,307034,04-May-2023,03-May-2025,Yes,No,CT Mindspace-3,Red Gate,1459,Red Gate Software Ltd,,CCNF,,,LLQHXH9KF3QIO8NA,Request ID SR86329,HMT2,Cambia,Kayla Bentz
519,Software,Commvault FEDCB Data Protection,Advance-Foundation NA,CTIN-221534,FAMS70585,Perpetual,2000,22-Jun-23,6 Months,312075,,,Yes,Yes,CT USA,Commvault,287,Pentagon System And Services Pvt. Ltd,INV-76935,CCNF,,PS,BVIPWWET4TMF1CSH,Request ID SR96787,Functions (IT),Athena,Rishabh Rajesh Dabhade
520,Software,2FA for Jira,Commercial,CTIN-861801,FAMS47553,Subscription,2,02-Jul-25,Annual,418651,02-Jul-2025,02-Jul-2027,No,No,CT Mindspace-1,Atlassian,799,Online,,,,PS,69V7TL62TP42G15R,,HLS,Athena,Rohan Shellay
521,Software,Q-S-VMDR,NA,CTIN-696120,FAMS22230,Subscription,1,24-Jan-21,Perpetual,402142,24-Jan-2021,24-Jan-2023,No,No,CT India,Qualys,897,R S Consulting Services,,,,Raosaheb,JB3ADI8BS2Y7B7HK,,Functions (IT),CVS Health,Deepak Varma
522,Software,7 Edit,Professional 2,CTIN-496765,,Perpetual,500,08-Nov-18,Annual,49127,,,No,No,CT India,HL7,89,Embee Software Pvt Ltd,INV-85507,,,,SOZQBNAX3ZCRZIXV,Request ID SR72459,HPR,Cambia,Sarah Dickinson
523,Software,CP Rhapsody IDE,6.4.1,CTIN-191672,,Perpetual,100,22-Aug-18,Annual,16255,,,No,No,CT Mindspace-1,OrionHealth,861,Client Provided,,,,Raosaheb,5JRSUJAFP2L6OTFU,,HMT1,CVS Health,Manisha Choudhury
524,Software,Traqplan Timeline,NA,CTIN-502206,,Subscription,2,28-Jan-21,Perpetual,152087,28-Jan-2021,27-Jul-2021,Yes,Yes,CT Mindspace-3,Traqplan,,RALCO synergy pvt ltd,INV-23926,,,Raosaheb,K7ZTPQ6BPR3R101B,,Functions (IT),Elevance Health,Ramana Reddy Maddirala
525,Software,7 Edit,Professional 2,CTIN-270368,FAMS46018,Perpetual,1,24-Jul-24,Perpetual,44839,,,Yes,No,CT USA,HL7,,Embee Software Pvt Ltd,,CCNF,,Volume Licensing Site,TYYKFHNLYWH8PBUC,,HMT2,CVS Health,Piyush Sharma
526,Software,CP Rhapsody IDE,6.4.1,Client Provided,FAMS10477,Perpetual,50,07-Mar-25,6 Months,321351,,,Yes,No,CT USA,OrionHealth,443,Client Provided,,,,On Portal,RGWAYVXCWRA0JO80,,HMT2,Humana,Prathyusha Mandala
527,Software,Director Suite,Premium 6,CTIN-845644,FAMS85679,Perpetual,5,06-Sep-21,Annual,329470,,,Yes,No,CT India,Cyberlink,287,Online,,,,PS,8WZ0FTC8QOYGGCHD,,HPR,Elevance Health,Navya Devineni
528,Software,Commvault FEDCB Data Protection,Advance-Foundation NA,CTIN-740353,FAMS75807,Perpetual,50,18-Jun-20,6 Months,102433,,,No,No,CT USA,Commvault,430,Pentagon System And Services Pvt. Ltd,INV-50159,,,Volume Licensing Site,23XWOBICDRY0EOTZ,Request ID SR82474,HMT1,Humana,
529,Software,7 Edit,Professional 2,CTIN-594185,,Subscription,5,23-Jun-22,6 Months,12379,23-Jun-2022,22-Jun-2024,Yes,No,CT Powai,HL7,1250,Embee Software Pvt Ltd,INV-38118,,,PS,BVFCV7JWS8VPLW81,Request ID SR47429,HMT2,Devita,Nihal Bapardekar
530,Software,7 Edit,Professional 2,CTIN-553658,FAMS11840,Perpetual,10,03-Oct-23,Perpetual,359743,,,Yes,Yes,CT USA,HL7,,Embee Software Pvt Ltd,INV-40571,Client Provided,,Raosaheb,SK0TQC0I1YE9JE1P,,HLS,Cambia,
531,Software,2FA for Jira,Commercial,Client Provided,FAMS41521,Perpetual,3,18-Dec-19,Perpetual,36371,,,Yes,Yes,CT Mindspace-1,Atlassian,1190,Online,,,,Integration Team,UPE6SQEKT8UZ3ZKR,Request ID SR71581,HLS,Athena,Meeniga Pranavi
532,Software,2FA for Jira,Commercial,CTIN-587791,FAMS10127,Subscription,1,08-Feb-25,Perpetual,128384,08-Feb-2025,08-Feb-2026,No,Yes,CT Mindspace-1,Atlassian,474,Online,,,,PS,,Request ID SR32453,Functions (IT),Humana,
533,Software,.NET Developer Bundle,NA,CTIN-654918,FAMS88649,Subscription,10,24-Jul-24,6 Months,331603,24-Jul-2024,20-Jan-2025,Yes,No,CT India,Red Gate,841,Red Gate Software Ltd,,,,,,Request ID SR99834,HPR,Devita,
534,Software,Q-S-VMDR,NA,Client Provided,FAMS16210,Subscription,3,09-Nov-21,Perpetual,111374,09-Nov-2021,08-May-2022,Yes,No,CT USA,Qualys,,R S Consulting Services,,,,On Portal,SZS7CD7LMRRI4FEN,,HHP,GE Healthcare,Neha Abhijeet Gajaralwar
535,Software,Q-S-VMDR,NA,CTIN-355934,,Subscription,2,31-Jan-21,Perpetual,182135,31-Jan-2021,30-Jul-2021,Yes,No,CT Mindspace-3,Qualys,,R S Consulting Services,INV-52981,,,PS,EPK4UWRY0MV3W5DG,Request ID SR71131,HMT1,Cigna,Abhinav Garg
536,Software,CP Rhapsody IDE,6.4.1,CTIN-784314,FAMS46281,Subscription,500,09-Jun-22,6 Months,372074,09-Jun-2022,09-Jun-2023,No,Yes,CT Mindspace-1,OrionHealth,460,Client Provided,,Client Provided,,,546K3WIPUOSKEJBT,Request ID SR30607,HMT1,Cigna,Nicole Boyer
537,Software,Director Suite,Premium 6,CTIN-691628,FAMS38381,Perpetual,2,18-Jul-25,Annual,168482,,,No,Yes,CT Mindspace-1,Cyberlink,1079,Online,INV-21562,Client Provided,,,,Request ID SR79107,Functions (IT),GE Healthcare,Zakeeruddin Mohd
538,Software,Commvault FEDCB Data Protection,Advance-Foundation NA,CTIN-627673,FAMS95056,Subscription,10,08-Aug-19,Annual,494381,08-Aug-2019,07-Aug-2021,Yes,Yes,CT USA,Commvault,97,Pentagon System And Services Pvt. Ltd,INV-67426,,,Volume Licensing Site,,Request ID SR44187,HMT1,Athena,
539,Software,CP Rhapsody IDE,6.4.1,CTIN-853096,FAMS60841,Perpetual,500,14-Dec-25,Annual,186780,,,Yes,No,CT India,OrionHealth,630,Client Provided,,,,Raosaheb,6OFQPW6QTJLYSDLD,,HMT1,Kaiser Permanente,Nageswarao Kancharla
540,Software,.NET Developer Bundle,NA,CTIN-919934,FAMS26764,Subscription,1,17-Apr-18,Perpetual,180647,17-Apr-2018,16-Apr-2020,No,Yes,CT Mindspace-3,Red Gate,925,Red Gate Software Ltd,,CCNF,,Raosaheb,WSGAWDP3G9SQIWKT,Request ID SR75930,HMT2,UnitedHealth Group,
541,Software,Q-S-VMDR,NA,CTIN-378248,FAMS70431,Perpetual,2000,02-Feb-19,Perpetual,252805,,,Yes,Yes,CT USA,Qualys,670,R S Consulting Services,INV-22445,,,Raosaheb,2O2NNE7HQ28YPWZV,,HMT1,Kaiser Permanente,Aniket Sanyal
542,Software,Q-S-VMDR,NA,CTIN-760635,FAMS59610,Perpetual,100,25-Dec-19,6 Months,142055,,,Yes,No,CT India,Qualys,1412,R S Consulting Services,INV-44251,,,Volume Licensing Site,23DCFE7Q88DH34CB,Request ID SR84468,HHP,CVS Health,Sai Kushwanth Vailipalli
543,Software,.NET Developer Bundle,NA,CTIN-503719,FAMS92572,Perpetual,3,21-Jul-20,Perpetual,236698,,,Yes,Yes,CT Mindspace-1,Red Gate,1265,Red Gate Software Ltd,,CCNF,,,R9NI3D80N1J8AMK6,Request ID SR50672,HMT1,GE Healthcare,Navya Devineni
544,Software,Q-S-VMDR,NA,CTIN-240601,FAMS53052,Perpetual,5,12-Aug-21,Annual,192687,,,Yes,No,CT India,Qualys,,R S Consulting Services,INV-67772,CCNF,,PS,NHBDOQNZ1MIFJJTV,Request ID SR65226,HMT2,GE Healthcare,Deborah A Berry
545,Software,2FA for Jira,Commercial,CTIN-249036,FAMS68702,Perpetual,10,09-Jan-26,Annual,347220,,,Yes,No,CT Mindspace-1,Atlassian,913,Online,,CCNF,,Integration Team,VKS23EICAYQ6AEUB,,HMT1,GE Healthcare,Divya G
546,Software,Q-S-VMDR,NA,CTIN-156551,FAMS49167,Perpetual,3,03-Oct-19,Annual,452071,,,No,No,CT Mindspace-3,Qualys,473,R S Consulting Services,,,,Integration Team,,Request ID SR75692,HMT2,GE Healthcare,Kamala Rasagna Tenneti
547,Software,Director Suite,Premium 6,CTIN-777518,FAMS45002,Perpetual,2000,26-Jan-25,Perpetual,395023,,,Yes,No,CT India,Cyberlink,803,Online,,,,Volume Licensing Site,,Request ID SR78636,HMT1,CVS Health,Vineeth Chowdary Tripuraneni
548,Software,7 Edit,Professional 2,CTIN-368039,,Subscription,5,26-Apr-24,Perpetual,147602,26-Apr-2024,26-Apr-2026,No,Yes,CT Mindspace-1,HL7,,Embee Software Pvt Ltd,INV-64502,CCNF,,Volume Licensing Site,521K9ZRTABMWRMME,Request ID SR80983,HMT2,CVS Health,Vineesh Vinayan
549,Software,7 Edit,Professional 2,CTIN-108473,,Subscription,3,25-May-22,Perpetual,78858,25-May-2022,24-May-2024,Yes,No,CT India,HL7,669,Embee Software Pvt Ltd,,,,Volume Licensing Site,,Request ID SR81345,HMT2,Devita,
550,Software,Traqplan Timeline,NA,CTIN-542315,FAMS60755,Perpetual,50,23-Jun-19,Annual,448326,,,No,No,CT USA,Traqplan,192,RALCO synergy pvt ltd,,Client Provided,,,,Request ID SR58895,HMT2,Elevance Health,
551,Software,7 Edit,Professional 2,CTIN-184274,FAMS66562,Subscription,500,14-Dec-21,Perpetual,106403,14-Dec-2021,14-Dec-2023,No,No,CT Mindspace-3,HL7,1463,Embee Software Pvt Ltd,,,,,JE2LFGOJ5S1ZC33A,Request ID SR53550,Functions (IT),Cambia,Sumant Jena
552,Software,2FA for Jira,Commercial,CTIN-926107,FAMS36399,Subscription,100,14-Jan-22,Perpetual,202069,14-Jan-2022,14-Jan-2023,No,Yes,CT India,Atlassian,41,Online,,CCNF,,Volume Licensing Site,,,HMT1,CVS Health,Venkata Abhiram Vanamali
553,Software,CP Rhapsody IDE,6.4.1,Client Provided,FAMS28684,Perpetual,3,12-Feb-19,Annual,398074,,,Yes,No,CT USA,OrionHealth,1230,Client Provided,INV-35277,CCNF,,,,,HPR,Kaiser Permanente,
554,Software,Director Suite,Premium 6,CTIN-685985,FAMS36348,Subscription,50,28-Dec-24,Perpetual,498002,28-Dec-2024,26-Jun-2025,No,No,CT India,Cyberlink,653,Online,,,,Raosaheb,X7VTEZOEE61VU0H5,,HMT2,GE Healthcare,Meeniga Pranavi
555,Software,Commvault FEDCB Data Protection,Advance-Foundation NA,CTIN-622858,FAMS44385,Perpetual,500,28-Nov-18,Perpetual,35428,,,No,No,CT Mindspace-3,Commvault,1415,Pentagon System And Services Pvt. Ltd,,,,Integration Team,IR2RKY5EA2OXGE1A,,HPR,Athena,
556,Software,CP Rhapsody IDE,6.4.1,CTIN-494487,,Perpetual,5,29-Jan-25,6 Months,439089,,,Yes,Yes,CT Mindspace-1,OrionHealth,457,Client Provided,,Client Provided,,,9E254QSSCDK2M5K5,Request ID SR26038,HMT1,Kaiser Permanente,Ayush Agrawal
557,Software,Director Suite,Premium 6,CTIN-755978,,Perpetual,50,08-Jun-23,6 Months,473000,,,Yes,No,CT Mindspace-3,Cyberlink,,Online,,Client Provided,,Raosaheb,,Request ID SR94264,HHP,Kaiser Permanente,Vinay Bherwani
558,Software,Traqplan Timeline,NA,CTIN-374452,FAMS68413,Perpetual,5,25-Jun-19,6 Months,337342,,,No,Yes,CT India,Traqplan,1084,RALCO synergy pvt ltd,INV-18308,Client Provided,,Volume Licensing Site,RLU8ZOXBBOZ29BJY,Request ID SR28813,HLS,Cigna,Kuran Nayee
559,Software,.NET Developer Bundle,NA,CTIN-640562,FAMS23925,Perpetual,2,25-Feb-25,6 Months,298697,,,No,Yes,CT India,Red Gate,1254,Red Gate Software Ltd,INV-12258,,,Integration Team,IZTJDJ7FM7QPXQQ4,Request ID SR65848,HHP,Kaiser Permanente,
560,Software,2FA for Jira,Commercial,CTIN-238052,FAMS75183,Perpetual,50,27-Dec-23,Perpetual,485662,,,Yes,No,CT Mindspace-1,Atlassian,1402,Online,,Client Provided,,PS,S30XNCU196YCIG2H,,HMT1,Cigna,Swara Kiran Rane
561,Software,.NET Developer Bundle,NA,Client Provided,FAMS53751,Subscription,10,21-Oct-19,Perpetual,362887,21-Oct-2019,20-Oct-2021,No,Yes,CT India,Red Gate,355,Red Gate Software Ltd,,,,On Portal,1PV9YFPBFOOF3DJ7,,HMT2,UnitedHealth Group,Shams Qamar
562,Software,Commvault FEDCB Data Protection,Advance-Foundation NA,CTIN-662823,FAMS89129,Subscription,100,04-Feb-26,Perpetual,68787,04-Feb-2026,04-Feb-2027,No,Yes,CT India,Commvault,1370,Pentagon System And Services Pvt. Ltd,INV-86248,,,On Portal,0VF6WHFI24C7O5V3,Request ID SR48996,HLS,GE Healthcare,
563,Software,Q-S-VMDR,NA,CTIN-786063,FAMS88991,Subscription,25,21-Jul-24,Annual,8558,21-Jul-2024,21-Jul-2026,Yes,No,CT USA,Qualys,651,R S Consulting Services,,Client Provided,,Raosaheb,GFC7VJXAA5NMW365,Request ID SR39579,HLS,Cigna,Brooke Bullimore
564,Software,.NET Developer Bundle,NA,CTIN-778908,FAMS25363,Subscription,100,13-Aug-24,Annual,342379,13-Aug-2024,13-Aug-2025,Yes,No,CT USA,Red Gate,916,Red Gate Software Ltd,INV-99222,Client Provided,,Volume Licensing Site,,Request ID SR12839,HMT2,GE Healthcare,Parag Radhakrishna Kelji
565,Software,.NET Developer Bundle,NA,CTIN-430943,,Subscription,1,11-Feb-24,Perpetual,25507,11-Feb-2024,10-Feb-2026,No,Yes,CT Powai,Red Gate,,Red Gate Software Ltd,,,,On Portal,S7QY8MW492HKUUQ1,Request ID SR56877,HMT1,Humana,
566,Software,2FA for Jira,Commercial,Client Provided,FAMS94551,Perpetual,1,13-May-18,Annual,294686,,,Yes,No,CT Powai,Atlassian,621,Online,,,,,G9M87KMF1H9FAX9D,Request ID SR88888,HMT2,Devita,Amol Neharkar
567,Software,7 Edit,Professional 2,CTIN-268230,,Subscription,2,14-May-18,6 Months,316297,14-May-2018,14-May-2019,Yes,Yes,CT India,HL7,95,Embee Software Pvt Ltd,INV-22856,,,On Portal,,Request ID SR65657,HLS,Cigna,
568,Software,Director Suite,Premium 6,CTIN-397241,FAMS87198,Perpetual,10,23-Aug-22,Perpetual,353995,,,Yes,No,CT Mindspace-1,Cyberlink,560,Online,INV-98332,,,PS,,,HMT1,Athena,Carrie J Keller
569,Software,Commvault FEDCB Data Protection,Advance-Foundation NA,CTIN-867817,FAMS55013,Subscription,500,25-Feb-18,6 Months,234741,25-Feb-2018,25-Feb-2020,Yes,Yes,CT Powai,Commvault,621,Pentagon System And Services Pvt. Ltd,INV-61898,,,Volume Licensing Site,,,HHP,Humana,Showkat Ahmad
570,Software,Commvault FEDCB Data Protection,Advance-Foundation NA,CTIN-353495,,Subscription,500,10-Jun-24,Perpetual,470647,10-Jun-2024,07-Dec-2024,Yes,Yes,CT Mindspace-3,Commvault,190,Pentagon System And Services Pvt. Ltd,,,,On Portal,3UIWPQ2G9Q7W264Q,Request ID SR65678,HMT2,Devita,
571,Software,Traqplan Timeline,NA,CTIN-611292,FAMS17555,Subscription,10,29-Jul-23,Perpetual,255516,29-Jul-2023,28-Jul-2024,No,No,CT Powai,Traqplan,549,RALCO synergy pvt ltd,,Client Provided,,On Portal,6P2O40QF668MDF6S,,HPR,Cambia,Ramya Sai Pagadala
572,Software,.NET Developer Bundle,NA,CTIN-127341,FAMS61626,Perpetual,100,22-Jun-21,Annual,405474,,,Yes,Yes,CT Mindspace-1,Red Gate,582,Red Gate Software Ltd,INV-92319,CCNF,,Raosaheb,YTEK82157XRG8IWA,,HMT1,Cigna,Kamala Rasagna Tenneti
573,Software,2FA for Jira,Commercial,CTIN-596327,,Perpetual,25,18-Dec-23,Annual,135846,,,No,No,CT Mindspace-3,Atlassian,,Online,,,,PS,4WCPJKCY8SVNUJ1D,Request ID SR10883,Functions (IT),Kaiser Permanente,Sumalatha Sajja
574,Software,CP Rhapsody IDE,6.4.1,CTIN-220407,,Subscription,2,13-Mar-19,Annual,280908,13-Mar-2019,12-Mar-2021,Yes,No,CT Mindspace-1,OrionHealth,481,Client Provided,,Client Provided,,Raosaheb,,,HPR,Cambia,Debra Droz
575,Software,.NET Developer Bundle,NA,CTIN-366942,,Perpetual,100,15-Nov-19,6 Months,69795,,,Yes,Yes,CT Powai,Red Gate,1128,Red Gate Software Ltd,INV-59829,CCNF,,Raosaheb,,,HMT2,Cambia,Deepa Katla
576,Software,Director Suite,Premium 6,CTIN-580528,,Subscription,10,04-Jun-20,Perpetual,58783,04-Jun-2020,04-Jun-2021,Yes,Yes,CT Powai,Cyberlink,926,Online,INV-85510,,,Volume Licensing Site,GWN5C7CGVP38L52T,,HMT1,Humana,William Patrick Petersen
577,Software,Commvault FEDCB Data Protection,Advance-Foundation NA,CTIN-113146,FAMS86816,Subscription,3,08-Jun-22,Perpetual,249884,08-Jun-2022,08-Jun-2023,No,Yes,CT Mindspace-3,Commvault,,Pentagon System And Services Pvt. Ltd,,,,Integration Team,5N82S08CK8RYUJJJ,,HPR,Athena,Prathyusha Mandala
578,Software,Commvault FEDCB Data Protection,Advance-Foundation NA,Client Provided,FAMS31027,Subscription,2,03-Jul-18,Perpetual,294345,03-Jul-2018,02-Jul-2020,No,Yes,CT Mindspace-1,Commvault,31,Pentagon System And Services Pvt. Ltd,,,,PS,,Request ID SR74894,HHP,CVS Health,Sai Ramya Maddini
579,Software,Q-S-VMDR,NA,CTIN-834530,,Perpetual,2000,13-Aug-18,6 Months,146051,,,No,Yes,CT India,Qualys,,R S Consulting Services,,,,PS,M9Z9MUM2FZY04L2L,Request ID SR82177,HPR,Cambia,
580,Software,Traqplan Timeline,NA,CTIN-157200,FAMS19068,Perpetual,3,06-Jun-19,6 Months,394017,,,Yes,No,CT Mindspace-1,Traqplan,835,RALCO synergy pvt ltd,INV-72246,,,Integration Team,K0KEZJUD96UAZ3UE,Request ID SR20245,HMT2,Athena,
581,Software,Commvault FEDCB Data Protection,Advance-Foundation NA,CTIN-755869,FAMS19442,Perpetual,100,27-Aug-22,Annual,228685,,,No,No,CT Mindspace-3,Commvault,1324,Pentagon System And Services Pvt. Ltd,INV-86920,CCNF,,Raosaheb,S45QCZ46G2YNJCNR,Request ID SR70028,HHP,CVS Health,Sumant Jena
582,Software,Traqplan Timeline,NA,CTIN-721534,FAMS27482,Perpetual,5,06-Mar-19,Annual,300821,,,No,Yes,CT Mindspace-3,Traqplan,449,RALCO synergy pvt ltd,,,,Integration Team,TL0Q4E9MOJJ8EX0I,Request ID SR90998,HLS,Devita,Bhavika Pradeep Shirodkar
583,Software,Director Suite,Premium 6,CTIN-725933,FAMS86872,Subscription,10,01-Mar-26,Annual,49434,01-Mar-2026,28-Aug-2026,No,No,CT Powai,Cyberlink,1329,Online,,Client Provided,,Raosaheb,KQNS6PDM1N870Q0T,Request ID SR56495,HPR,Cambia,Kayla Bentz
584,Software,Q-S-VMDR,NA,CTIN-537330,FAMS21885,Perpetual,3,30-Nov-25,Annual,376019,,,No,Yes,CT USA,Qualys,978,R S Consulting Services,,,,On Portal,,Request ID SR12549,HMT1,Athena,
585,Software,Director Suite,Premium 6,CTIN-749285,FAMS32380,Perpetual,5,04-Jun-18,Perpetual,334524,,,Yes,Yes,CT Mindspace-3,Cyberlink,,Online,,Client Provided,,On Portal,307T145H3P8H1H10,Request ID SR30027,HLS,UnitedHealth Group,
586,Software,Traqplan Timeline,NA,CTIN-854532,,Perpetual,25,01-Jan-23,Annual,367664,,,No,Yes,CT USA,Traqplan,,RALCO synergy pvt ltd,,,,PS,3OAWM826UK0HQB0J,,HPR,Elevance Health,Rishabh Rajesh Dabhade
587,Software,Director Suite,Premium 6,CTIN-775874,FAMS83543,Subscription,100,17-Aug-21,Perpetual,402341,17-Aug-2021,17-Aug-2023,No,No,CT Powai,Cyberlink,400,Online,,CCNF,,,NTNHI2OL69JOE16V,Request ID SR63027,HPR,Humana,Deepthi Bodavula
588,Software,CP Rhapsody IDE,6.4.1,CTIN-572775,FAMS54517,Perpetual,10,19-Jan-25,Perpetual,467066,,,Yes,No,CT USA,OrionHealth,113,Client Provided,,,,Integration Team,4F452IYHS2HZF52V,,HMT1,Devita,
589,Software,CP Rhapsody IDE,6.4.1,CTIN-856485,FAMS91374,Perpetual,50,23-Sep-24,6 Months,497661,,,Yes,Yes,CT USA,OrionHealth,731,Client Provided,,Client Provided,,Raosaheb,QKAVR8HW2T0J62UD,Request ID SR37922,HMT1,UnitedHealth Group,Megha Varshney
590,Software,Director Suite,Premium 6,CTIN-916858,FAMS12614,Perpetual,2,18-Sep-23,6 Months,347953,,,Yes,Yes,CT Mindspace-3,Cyberlink,,Online,INV-95037,,,Integration Team,LWAGGZI4U2YJ9KWS,Request ID SR32356,HLS,Cigna,Niloy Datta
591,Software,2FA for Jira,Commercial,CTIN-489776,FAMS75766,Subscription,3,19-Feb-20,Perpetual,445685,19-Feb-2020,17-Aug-2020,Yes,No,CT Mindspace-3,Atlassian,1038,Online,,Client Provided,,PS,,,Functions (IT),Cigna,Vineesh Vinayan
592,Software,Director Suite,Premium 6,CTIN-596416,FAMS23065,Perpetual,2000,05-Oct-23,6 Months,84745,,,No,Yes,CT India,Cyberlink,211,Online,,Client Provided,,Integration Team,,,HMT2,Humana,
593,Software,Traqplan Timeline,NA,Client Provided,FAMS72298,Perpetual,1,25-Oct-24,Annual,320208,,,No,No,CT USA,Traqplan,488,RALCO synergy pvt ltd,INV-53593,Client Provided,,Integration Team,,Request ID SR18364,HHP,Athena,Mayur Sharad Kasat
594,Software,2FA for Jira,Commercial,Client Provided,FAMS87091,Subscription,100,10-Jan-21,Perpetual,116800,10-Jan-2021,10-Jan-2022,No,Yes,CT Mindspace-3,Atlassian,616,Online,INV-89294,,,Raosaheb,ITDA47R9L2T0FUHC,,Functions (IT),UnitedHealth Group,Saji Kumar Ramachandran Pillai
595,Software,.NET Developer Bundle,NA,CTIN-870719,FAMS65206,Perpetual,5,21-Dec-20,Perpetual,141308,,,No,Yes,CT USA,Red Gate,944,Red Gate Software Ltd,,CCNF,,,IW2IY42MKVFAWPGU,,Functions (IT),Elevance Health,Navya Devineni
596,Software,7 Edit,Professional 2,CTIN-698631,FAMS69638,Perpetual,1,28-Feb-23,Annual,85000,,,No,No,CT Mindspace-3,HL7,1180,Embee Software Pvt Ltd,INV-19348,Client Provided,,,,,HMT2,Cambia,
597,Software,2FA for Jira,Commercial,CTIN-507338,FAMS25649,Perpetual,10,16-Apr-18,Perpetual,488680,,,Yes,Yes,CT Mindspace-3,Atlassian,990,Online,,Client Provided,,,RIE3KBEF9HJD6JKU,Request ID SR17779,HLS,Devita,Deepa Katla
598,Software,Q-S-VMDR,NA,CTIN-460411,FAMS82296,Subscription,2000,05-May-22,Annual,222690,05-May-2022,01-Nov-2022,Yes,No,CT Mindspace-3,Qualys,404,R S Consulting Services,,,,Integration Team,,,HHP,Humana,Shubham Reddy Samala
599,Software,.NET Developer Bundle,NA,CTIN-599798,FAMS13328,Perpetual,50,09-Dec-21,Perpetual,324425,,,Yes,Yes,CT India,Red Gate,1497,Red Gate Software Ltd,,,,Integration Team,,,HMT2,CVS Health,Sai Kiran Varaganti
600,Software,Traqplan Timeline,NA,Client Provided,,Perpetual,25,04-Jun-18,Annual,418730,,,Yes,Yes,CT India,Traqplan,1082,RALCO synergy pvt ltd,,CCNF,,Raosaheb,4T59YU1AMUK5DXBX,,HMT1,Athena,Kajal Sharma
601,Software,Traqplan Timeline,NA,CTIN-993807,FAMS56003,Perpetual,1,17-Aug-18,Perpetual,73699,,,Yes,No,CT Powai,Traqplan,1311,RALCO synergy pvt ltd,,,,On Portal,HK1TAHKWPE8GGL4S,,HLS,Cigna,
602,Software,Traqplan Timeline,NA,CTIN-227504,FAMS35868,Perpetual,25,06-Sep-22,6 Months,39992,,,Yes,No,CT Mindspace-1,Traqplan,219,RALCO synergy pvt ltd,,,,,L56SSGCR20CNJZC3,Request ID SR34770,Functions (IT),UnitedHealth Group,Durga Rao Namana
603,Software,Commvault FEDCB Data Protection,Advance-Foundation NA,CTIN-239174,FAMS75679,Perpetual,10,14-Jan-18,Perpetual,137328,,,No,No,CT India,Commvault,35,Pentagon System And Services Pvt. Ltd,,Client Provided,,Volume Licensing Site,90G3O3ANXYMGXMNR,,HLS,Cambia,Vignesh Vardhan Kuncharapu
604,Software,Traqplan Timeline,NA,CTIN-273930,,Subscription,2000,19-Feb-21,Perpetual,351195,19-Feb-2021,19-Feb-2023,Yes,No,CT India,Traqplan,1013,RALCO synergy pvt ltd,,,,Integration Team,BZX5OOBC871EXRRJ,,Functions (IT),GE Healthcare,
605,Software,Q-S-VMDR,NA,CTIN-649163,FAMS69725,Subscription,500,24-May-23,Annual,407866,24-May-2023,23-May-2024,Yes,Yes,CT Mindspace-3,Qualys,547,R S Consulting Services,,,,Integration Team,GMGN72TVE95891Q2,,HLS,Athena,
606,Software,.NET Developer Bundle,NA,CTIN-877056,FAMS57099,Perpetual,100,29-Mar-18,6 Months,92984,,,Yes,No,CT Powai,Red Gate,,Red Gate Software Ltd,INV-63948,,,,,,Functions (IT),Devita,Aparna Dandamudi
607,Software,.NET Developer Bundle,NA,CTIN-398688,FAMS83239,Subscription,25,23-Jan-22,Annual,249099,23-Jan-2022,23-Jan-2024,Yes,No,CT India,Red Gate,,Red Gate Software Ltd,,,,Integration Team,U5SBRIU2RVQJIAY6,,HMT1,Athena,
608,Software,Commvault FEDCB Data Protection,Advance-Foundation NA,CTIN-157103,FAMS81020,Subscription,5,28-Dec-23,Perpetual,404805,28-Dec-2023,27-Dec-2025,No,No,CT USA,Commvault,25,Pentagon System And Services Pvt. Ltd,INV-91431,,,On Portal,IK91VQHEEYRS1ZE5,Request ID SR92076,Functions (IT),Humana,Mahesh Reddy Kundur
609,Software,Commvault FEDCB Data Protection,Advance-Foundation NA,CTIN-343436,FAMS95918,Perpetual,500,01-Mar-22,6 Months,194353,,,Yes,No,CT USA,Commvault,597,Pentagon System And Services Pvt. Ltd,INV-96918,CCNF,,On Portal,4VY3028O5YFGQR0O,,Functions (IT),CVS Health,
610,Software,CP Rhapsody IDE,6.4.1,CTIN-236203,FAMS32660,Subscription,50,26-Aug-22,Annual,244390,26-Aug-2022,22-Feb-2023,No,No,CT Mindspace-1,OrionHealth,,Client Provided,,Client Provided,,Raosaheb,N26K1BJD14NLC8LT,Request ID SR60318,Functions (IT),Kaiser Permanente,
611,Software,Traqplan Timeline,NA,Client Provided,FAMS92279,Subscription,500,27-Nov-18,Perpetual,315150,27-Nov-2018,26-Nov-2020,No,Yes,CT Powai,Traqplan,473,RALCO synergy pvt ltd,INV-10480,,,Raosaheb,Y46GLBTTG9WQ17CZ,Request ID SR41099,HPR,Cambia,Srinivas Karri
612,Software,CP Rhapsody IDE,6.4.1,CTIN-678340,FAMS75701,Subscription,1,04-Jun-21,Perpetual,469681,04-Jun-2021,04-Jun-2023,Yes,No,CT Powai,OrionHealth,677,Client Provided,INV-50942,,,Integration Team,NRHRC9X60YJ2IN2V,,HHP,GE Healthcare,
613,Software,2FA for Jira,Commercial,CTIN-251505,FAMS13009,Perpetual,500,28-Jan-24,Perpetual,300818,,,Yes,No,CT Mindspace-1,Atlassian,,Online,INV-46527,,,On Portal,P4KCWW6LL8OKSYJT,Request ID SR91282,HMT2,UnitedHealth Group,
614,Software,2FA for Jira,Commercial,CTIN-626352,FAMS86403,Subscription,5,21-Dec-19,Annual,292164,21-Dec-2019,20-Dec-2020,Yes,No,CT Mindspace-3,Atlassian,1336,Online,,,,On Portal,8FJ33BC5HOTWL92T,Request ID SR83121,HHP,Kaiser Permanente,
615,Software,Q-S-VMDR,NA,CTIN-932017,FAMS58739,Subscription,25,16-Dec-21,6 Months,424232,16-Dec-2021,16-Dec-2022,No,No,CT India,Qualys,1437,R S Consulting Services,,,,,XX38PT3HCYGH8H5R,,HMT1,Humana,Prashanth Reddy Yengannagari
616,Software,Q-S-VMDR,NA,CTIN-277483,FAMS94183,Perpetual,10,08-Aug-18,6 Months,443645,,,No,No,CT Mindspace-3,Qualys,691,R S Consulting Services,,,,Volume Licensing Site,T4ODCZ1U3L0OXUMW,Request ID SR67252,HPR,Cigna,Abhijit Jagtap
617,Software,CP Rhapsody IDE,6.4.1,CTIN-141349,FAMS64826,Subscription,5,07-Aug-18,Perpetual,447932,07-Aug-2018,06-Aug-2020,No,Yes,CT India,OrionHealth,193,Client Provided,,CCNF,,Integration Team,ETUWT42D3FOZ73E3,Request ID SR90661,HPR,Cambia,
618,Software,Traqplan Timeline,NA,CTIN-386299,FAMS31510,Perpetual,50,09-Aug-23,Perpetual,360403,,,No,No,CT Mindspace-1,Traqplan,1267,RALCO synergy pvt ltd,,,,,,,Functions (IT),GE Healthcare,Navaneetha Macha
619,Software,CP Rhapsody IDE,6.4.1,CTIN-580485,FAMS24849,Perpetual,2,20-Mar-23,Annual,227929,,,No,No,CT Mindspace-1,OrionHealth,1284,Client Provided,,,,Raosaheb,PARUXCO0FG1GAJSG,Request ID SR29921,HLS,Devita,Gaurav Sarma
620,Software,Commvault FEDCB Data Protection,Advance-Foundation NA,CTIN-309695,FAMS56473,Perpetual,2000,19-Feb-25,Annual,353175,,,No,No,CT Mindspace-1,Commvault,177,Pentagon System And Services Pvt. Ltd,,,,Volume Licensing Site,TFFGFGKHEO7LLDUH,Request ID SR44015,HPR,Devita,Wei Han Bryan Lee
621,Software,Director Suite,Premium 6,CTIN-397358,,Subscription,500,30-Nov-22,Annual,193259,30-Nov-2022,29-May-2023,No,No,CT USA,Cyberlink,1017,Online,,CCNF,,Integration Team,,Request ID SR77182,HMT2,Devita,Parag Pattankar
622,Software,7 Edit,Professional 2,CTIN-926528,FAMS98467,Subscription,500,23-May-22,Annual,402918,23-May-2022,23-May-2023,Yes,No,CT Mindspace-3,HL7,325,Embee Software Pvt Ltd,,Client Provided,,Raosaheb,2USA8HRASVZ8POBO,Request ID SR75393,HMT1,Athena,
623,Software,Commvault FEDCB Data Protection,Advance-Foundation NA,CTIN-701807,FAMS11104,Subscription,1,30-Aug-25,Annual,452091,30-Aug-2025,30-Aug-2027,Yes,Yes,CT USA,Commvault,,Pentagon System And Services Pvt. Ltd,INV-52961,,,,49G51A1531XMZ4AE,,HMT1,Kaiser Permanente,Sumant Jena
624,Software,CP Rhapsody IDE,6.4.1,CTIN-805208,,Perpetual,3,24-May-23,6 Months,244641,,,No,Yes,CT India,OrionHealth,,Client Provided,INV-72742,CCNF,,On Portal,MTNCCX2BMMVGZHDE,,HMT2,Cambia,
625,Software,Q-S-VMDR,NA,CTIN-589704,,Subscription,5,22-Jul-24,Perpetual,103809,22-Jul-2024,22-Jul-2025,Yes,Yes,CT USA,Qualys,1112,R S Consulting Services,,,,Volume Licensing Site,PGUYFTKS9OWE4IJD,,HMT1,Devita,Michael Vaughn
626,Software,7 Edit,Professional 2,Client Provided,FAMS25455,Subscription,500,12-Aug-25,Annual,447755,12-Aug-2025,12-Aug-2027,No,No,CT Mindspace-3,HL7,879,Embee Software Pvt Ltd,,Client Provided,,,HMBNL3IDEI6GKB49,Request ID SR45648,HMT2,GE Healthcare,
627,Software,Traqplan Timeline,NA,CTIN-362535,FAMS77707,Subscription,3,17-Jan-26,Perpetual,167702,17-Jan-2026,17-Jan-2028,No,No,CT Mindspace-3,Traqplan,656,RALCO synergy pvt ltd,,CCNF,,PS,,Request ID SR13257,HPR,Cambia,Sai Sunny Mogili
628,Software,7 Edit,Professional 2,CTIN-483266,FAMS95082,Subscription,25,27-Dec-22,Annual,147309,27-Dec-2022,25-Jun-2023,No,No,CT USA,HL7,173,Embee Software Pvt Ltd,INV-25026,Client Provided,,PS,BAMK40C8GS9YUMN5,Request ID SR47720,HMT2,Elevance Health,
629,Software,Q-S-VMDR,NA,Client Provided,,Subscription,2000,02-Aug-19,Annual,217340,02-Aug-2019,01-Aug-2020,No,Yes,CT Mindspace-1,Qualys,,R S Consulting Services,INV-22624,Client Provided,,On Portal,C251FBZCWIYC1OPV,,Functions (IT),Athena,
630,Software,Director Suite,Premium 6,CTIN-379859,FAMS82215,Perpetual,50,14-Oct-19,Annual,219262,,,Yes,No,CT Mindspace-3,Cyberlink,737,Online,INV-84575,Client Provided,,Raosaheb,,Request ID SR57678,HHP,UnitedHealth Group,
631,Software,7 Edit,Professional 2,CTIN-870290,FAMS79032,Perpetual,100,18-Oct-25,Perpetual,459200,,,Yes,Yes,CT Mindspace-3,HL7,579,Embee Software Pvt Ltd,,Client Provided,,,27HOCPU9ON5XWJRS,,HLS,GE Healthcare,Kumar Saurav
632,Software,CP Rhapsody IDE,6.4.1,CTIN-543415,,Subscription,2,21-Jul-24,Annual,420130,21-Jul-2024,21-Jul-2026,No,No,CT Mindspace-1,OrionHealth,464,Client Provided,INV-51398,CCNF,,Integration Team,,Request ID SR77380,HPR,GE Healthcare,Abhinav Garg
633,Software,Director Suite,Premium 6,CTIN-940814,,Perpetual,500,21-Jun-18,Annual,476238,,,Yes,Yes,CT Powai,Cyberlink,,Online,,CCNF,,Integration Team,R99B2WIMP087UXPD,,HPR,CVS Health,Dastagiri Nossam
634,Software,Traqplan Timeline,NA,Client Provided,FAMS46182,Perpetual,500,16-Dec-24,Perpetual,176537,,,No,No,CT India,Traqplan,923,RALCO synergy pvt ltd,,,,Integration Team,,Request ID SR45508,HHP,Cambia,
635,Software,7 Edit,Professional 2,CTIN-199715,FAMS48321,Perpetual,1,06-Nov-23,Annual,4310,,,No,No,CT USA,HL7,1401,Embee Software Pvt Ltd,INV-70883,,,Volume Licensing Site,BRI5F2OFTDXDU0AE,,HMT2,Humana,
636,Software,Commvault FEDCB Data Protection,Advance-Foundation NA,CTIN-273438,FAMS64938,Subscription,50,16-Aug-21,6 Months,472405,16-Aug-2021,16-Aug-2023,Yes,No,CT Powai,Commvault,811,Pentagon System And Services Pvt. Ltd,,Client Provided,,PS,1APXWI4PXOD41O5S,Request ID SR76663,HPR,Athena,
637,Software,Q-S-VMDR,NA,CTIN-399410,FAMS51271,Perpetual,10,16-May-20,Perpetual,287015,,,Yes,Yes,CT Mindspace-3,Qualys,815,R S Consulting Services,,Client Provided,,Integration Team,ACRGIVB6C320R283,Request ID SR55235,HPR,Devita,
638,Software,Traqplan Timeline,NA,CTIN-832745,FAMS32908,Subscription,2,04-Mar-25,6 Months,301273,04-Mar-2025,04-Mar-2027,Yes,Yes,CT Mindspace-3,Traqplan,158,RALCO synergy pvt ltd,INV-22389,,,On Portal,P7DXH7MASB2TI03J,Request ID SR10906,HMT2,UnitedHealth Group,
639,Software,7 Edit,Professional 2,Client Provided,FAMS11759,Perpetual,500,15-May-23,Annual,242875,,,No,Yes,CT USA,HL7,665,Embee Software Pvt Ltd,,,,On Portal,T8VKAE3FR4SP9016,Request ID SR37764,HMT2,CVS Health,Pratap Chandra Das
640,Software,CP Rhapsody IDE,6.4.1,CTIN-350680,FAMS47424,Perpetual,5,09-Jul-18,Perpetual,490470,,,No,Yes,CT USA,OrionHealth,706,Client Provided,,,,Integration Team,UOHYS5VMEIKO1IS9,Request ID SR82940,Functions (IT),Devita,Adarsh Sharma
641,Software,Traqplan Timeline,NA,CTIN-906988,FAMS35122,Perpetual,100,01-Jul-25,Annual,434168,,,Yes,No,CT Mindspace-3,Traqplan,308,RALCO synergy pvt ltd,,CCNF,,,QI9YK1528NNYRPL2,,HLS,Athena,Abhilash Reddy Gowni
642,Software,Traqplan Timeline,NA,CTIN-720898,FAMS27019,Perpetual,100,06-Feb-23,Annual,437408,,,Yes,Yes,CT India,Traqplan,709,RALCO synergy pvt ltd,,,,Raosaheb,S8OU492AXUT6AKFP,Request ID SR24979,HMT2,UnitedHealth Group,Swapnil Mayekar
643,Software,Traqplan Timeline,NA,Client Provided,,Perpetual,5,23-Aug-23,Perpetual,425070,,,No,Yes,CT Mindspace-3,Traqplan,765,RALCO synergy pvt ltd,,,,PS,APFQYIU4HW2DT6VA,Request ID SR51854,HMT1,Kaiser Permanente,
644,Software,.NET Developer Bundle,NA,CTIN-430898,FAMS59726,Perpetual,100,21-Jul-24,Perpetual,486475,,,No,No,CT Mindspace-1,Red Gate,332,Red Gate Software Ltd,INV-39922,,,On Portal,ALHTT1826MAOCQM7,Request ID SR14537,HMT1,GE Healthcare,
645,Software,Q-S-VMDR,NA,CTIN-893821,FAMS24707,Perpetual,5,31-Aug-22,6 Months,490818,,,Yes,Yes,CT USA,Qualys,434,R S Consulting Services,,,,Integration Team,318LYA8I1JNFWZHX,Request ID SR78260,HMT1,Athena,
646,Software,Director Suite,Premium 6,CTIN-748378,FAMS16865,Subscription,1,09-Jun-18,Perpetual,77402,09-Jun-2018,09-Jun-2019,No,Yes,CT USA,Cyberlink,477,Online,INV-81607,,,Integration Team,6WXI5LJVAUGB5QSJ,Request ID SR23933,HPR,GE Healthcare,Robin Torma
647,Software,7 Edit,Professional 2,CTIN-346847,FAMS22563,Perpetual,10,18-Sep-19,Annual,463767,,,Yes,Yes,CT Mindspace-1,HL7,42,Embee Software Pvt Ltd,,,,Integration Team,RFODENZKNC9B7912,Request ID SR56238,HPR,Cambia,Zakeeruddin Mohd
648,Software,7 Edit,Professional 2,CTIN-724353,FAMS99356,Subscription,2000,13-Jan-21,6 Months,493313,13-Jan-2021,12-Jul-2021,No,Yes,CT Mindspace-1,HL7,902,Embee Software Pvt Ltd,,,,On Portal,QKOYLVC4SJORT8JW,Request ID SR79795,Functions (IT),Kaiser Permanente,
649,Software,2FA for Jira,Commercial,CTIN-742294,,Perpetual,25,31-Mar-19,Annual,76202,,,Yes,Yes,CT USA,Atlassian,884,Online,,,,On Portal,OCERUSVI5V9BESBS,Request ID SR74818,HHP,Athena,Mani Krishna Devavarapu
650,Software,CP Rhapsody IDE,6.4.1,CTIN-699378,FAMS58112,Perpetual,2,20-Jan-19,Perpetual,175243,,,Yes,No,CT Mindspace-3,OrionHealth,1478,Client Provided,INV-85692,,,Raosaheb,XSG2T8CIWM8QQAWR,,HLS,GE Healthcare,Madhan Suresh
651,Software,Q-S-VMDR,NA,CTIN-717266,FAMS71302,Subscription,10,19-Oct-25,Perpetual,492570,19-Oct-2025,19-Oct-2027,Yes,Yes,CT Powai,Qualys,,R S Consulting Services,,,,Raosaheb,1E5OOUOCX9ZU2CZ2,Request ID SR52058,HLS,Devita,Rithvik Vishnupantuloo
652,Software,CP Rhapsody IDE,6.4.1,CTIN-669993,,Subscription,25,07-May-25,Annual,237800,07-May-2025,07-May-2026,No,Yes,CT India,OrionHealth,958,Client Provided,,,,,,,HMT2,Humana,Radhika Annamneni
653,Software,Traqplan Timeline,NA,CTIN-899615,FAMS95717,Subscription,2,17-Oct-21,6 Months,460205,17-Oct-2021,15-Apr-2022,No,Yes,CT Mindspace-1,Traqplan,,RALCO synergy pvt ltd,INV-65900,,,Raosaheb,BTMYRIFD2A7T11O0,Request ID SR51643,HMT2,UnitedHealth Group,
654,Software,Director Suite,Premium 6,CTIN-437748,,Perpetual,5,19-Sep-18,Perpetual,34901,,,Yes,No,CT USA,Cyberlink,424,Online,INV-43762,,,On Portal,3CAECLZK9PKTJYCM,Request ID SR47713,HMT1,Cambia,
655,Software,Director Suite,Premium 6,CTIN-531688,,Perpetual,3,23-Jun-24,6 Months,253336,,,No,Yes,CT Mindspace-1,Cyberlink,619,Online,,CCNF,,,RJHUJR6VLI389ESV,,HPR,Cigna,
656,Software,.NET Developer Bundle,NA,CTIN-540914,FAMS40118,Perpetual,10,02-Nov-25,6 Months,456474,,,Yes,No,CT India,Red Gate,1465,Red Gate Software Ltd,,,,On Portal,ASPSAWHWSFYN8G0D,Request ID SR84574,HHP,CVS Health,
657,Software,CP Rhapsody IDE,6.4.1,CTIN-942704,FAMS31645,Subscription,10,02-Jun-18,Perpetual,155516,02-Jun-2018,02-Jun-2019,No,Yes,CT Mindspace-3,OrionHealth,1006,Client Provided,INV-92277,,,,M9BBBF2LAXS5N4FO,Request ID SR13499,Functions (IT),GE Healthcare,Geetha Usha Sri  Bade
658,Software,2FA for Jira,Commercial,CTIN-938558,FAMS74540,Subscription,10,26-Sep-21,Annual,201876,26-Sep-2021,25-Mar-2022,Yes,Yes,CT USA,Atlassian,598,Online,,,,PS,XABH3C0ZQ10CIKCA,Request ID SR51351,Functions (IT),Devita,
659,Software,7 Edit,Professional 2,CTIN-708381,FAMS46841,Perpetual,10,26-Jun-19,Annual,104214,,,No,Yes,CT Mindspace-1,HL7,1155,Embee Software Pvt Ltd,INV-80617,,,,,,HHP,Cambia,
660,Software,7 Edit,Professional 2,CTIN-519484,FAMS25194,Perpetual,1,18-Feb-22,Annual,460858,,,No,Yes,CT Mindspace-1,HL7,252,Embee Software Pvt Ltd,,Client Provided,,PS,,Request ID SR78323,Functions (IT),Humana,
661,Software,Traqplan Timeline,NA,CTIN-643569,FAMS58746,Perpetual,50,10-Jan-18,Perpetual,322206,,,Yes,No,CT USA,Traqplan,1475,RALCO synergy pvt ltd,,CCNF,,,DB9EAZ0OW8ECX17R,,Functions (IT),Humana,Kommu Pracheen Kumar
662,Software,7 Edit,Professional 2,CTIN-435666,FAMS59338,Perpetual,5,21-Nov-18,6 Months,312481,,,No,No,CT Mindspace-3,HL7,,Embee Software Pvt Ltd,,Client Provided,,Integration Team,LNZW7EKY0HDR93RM,Request ID SR53787,HLS,Elevance Health,Navaneetha Macha
663,Software,7 Edit,Professional 2,CTIN-570574,FAMS50883,Perpetual,100,20-Apr-20,Annual,395834,,,Yes,Yes,CT India,HL7,1363,Embee Software Pvt Ltd,,,,,3TZMHRBZJYQWV8NO,Request ID SR45342,HMT2,GE Healthcare,
664,Software,7 Edit,Professional 2,Client Provided,FAMS92821,Subscription,5,07-Dec-24,Perpetual,166879,07-Dec-2024,05-Jun-2025,No,No,CT Powai,HL7,67,Embee Software Pvt Ltd,,CCNF,,PS,72I5JGC7H56Q6JUT,Request ID SR75931,Functions (IT),Athena,Julie Schipper
665,Software,2FA for Jira,Commercial,CTIN-525222,,Perpetual,1,09-Aug-18,Perpetual,286101,,,Yes,Yes,CT USA,Atlassian,125,Online,,CCNF,,,9HHVPGXTZ20TRWWM,,HLS,Cigna,
666,Software,7 Edit,Professional 2,CTIN-195935,,Subscription,5,30-Sep-23,6 Months,263906,30-Sep-2023,28-Mar-2024,No,Yes,CT USA,HL7,200,Embee Software Pvt Ltd,INV-83712,Client Provided,,Raosaheb,R0BBJ3G4Z04UJORO,,Functions (IT),Athena,Abhijeet Kumar
667,Software,Commvault FEDCB Data Protection,Advance-Foundation NA,CTIN-279404,,Subscription,10,29-Dec-25,Perpetual,179065,29-Dec-2025,29-Dec-2026,No,Yes,CT Powai,Commvault,953,Pentagon System And Services Pvt. Ltd,INV-76698,CCNF,,Raosaheb,YJ45BGROPL7LN1PA,Request ID SR93656,HPR,Kaiser Permanente,Akhil Kumar Palde
668,Software,.NET Developer Bundle,NA,CTIN-201024,,Subscription,25,21-Jul-22,Perpetual,293761,21-Jul-2022,20-Jul-2024,No,Yes,CT India,Red Gate,643,Red Gate Software Ltd,,,,,DXQNWKR8K4P3AN0Q,,HHP,Cigna,Pranav Nath Bashetty
669,Software,.NET Developer Bundle,NA,Client Provided,FAMS43437,Subscription,5,02-Nov-19,Annual,474188,02-Nov-2019,01-Nov-2021,Yes,Yes,CT India,Red Gate,838,Red Gate Software Ltd,INV-98669,Client Provided,,,NSZ28RM6DN9KPQCJ,Request ID SR23231,HMT1,Cambia,Shikhar Nautiyal
670,Software,Q-S-VMDR,NA,CTIN-365449,FAMS92132,Subscription,10,16-Aug-25,Perpetual,417157,16-Aug-2025,16-Aug-2026,No,Yes,CT Powai,Qualys,1450,R S Consulting Services,INV-40946,Client Provided,,On Portal,15J5TTGT4AR2O24Y,Request ID SR89962,HLS,UnitedHealth Group,Kuran Nayee
671,Software,Commvault FEDCB Data Protection,Advance-Foundation NA,CTIN-739277,,Perpetual,2,27-Jun-18,Annual,38134,,,Yes,Yes,CT Mindspace-1,Commvault,1436,Pentagon System And Services Pvt. Ltd,,CCNF,,Raosaheb,0SEM7VISUX2RL2S1,Request ID SR30004,HLS,Devita,Sai Kushwanth Vailipalli
672,Software,Traqplan Timeline,NA,CTIN-769031,FAMS97371,Perpetual,2,02-Dec-19,Perpetual,187267,,,No,No,CT India,Traqplan,1239,RALCO synergy pvt ltd,,CCNF,,Integration Team,7374X6Z9W1GMKSTN,Request ID SR26576,HLS,Elevance Health,Kamala Rasagna Tenneti
673,Software,.NET Developer Bundle,NA,CTIN-184827,FAMS69724,Subscription,2,23-Dec-18,Annual,315141,23-Dec-2018,23-Dec-2019,Yes,Yes,CT Mindspace-3,Red Gate,663,Red Gate Software Ltd,,,,PS,XZLY7CHB28T5GR8C,Request ID SR48830,HPR,Athena,Mahesh Muktala
674,Software,.NET Developer Bundle,NA,Client Provided,FAMS48875,Perpetual,1,26-Apr-23,6 Months,105134,,,Yes,No,CT Powai,Red Gate,1336,Red Gate Software Ltd,,,,PS,LI4NSRU6YK3MDR3Z,Request ID SR84319,HMT1,Humana,Swaminathan Gopalakrishnan
675,Software,Director Suite,Premium 6,CTIN-123847,,Subscription,500,10-Jun-18,6 Months,64224,10-Jun-2018,09-Jun-2020,Yes,Yes,CT Powai,Cyberlink,1259,Online,INV-92969,,,PS,OM734QTN1217GF9M,Request ID SR75597,HMT1,Cigna,Akila Sivakumar
676,Software,CP Rhapsody IDE,6.4.1,CTIN-417578,FAMS38291,Perpetual,5,28-Oct-18,Perpetual,232152,,,Yes,Yes,CT India,OrionHealth,1209,Client Provided,INV-79076,Client Provided,,Volume Licensing Site,ANQDNKG29074X9UT,,HMT2,Humana,Swaminathan Gopalakrishnan
677,Software,7 Edit,Professional 2,CTIN-423613,FAMS29803,Perpetual,10,01-Jul-20,Perpetual,376440,,,Yes,Yes,CT Powai,HL7,768,Embee Software Pvt Ltd,INV-23247,,,,FTW01W36B441LZF2,Request ID SR84920,HMT1,Kaiser Permanente,Dwadasi Venkata Sastry
678,Software,Q-S-VMDR,NA,CTIN-976957,FAMS58937,Perpetual,5,15-Nov-22,Annual,485866,,,No,No,CT Mindspace-3,Qualys,853,R S Consulting Services,INV-64046,,,Integration Team,3MOSSQJYQWFAUXRK,,Functions (IT),Athena,Venkata Ravi Teja Bhamidi
679,Software,7 Edit,Professional 2,CTIN-910964,,Subscription,100,12-Jul-24,Perpetual,140899,12-Jul-2024,12-Jul-2025,Yes,Yes,CT India,HL7,521,Embee Software Pvt Ltd,INV-13281,CCNF,,Raosaheb,FJIDZ118JRS3VC07,,Functions (IT),Devita,
680,Software,Q-S-VMDR,NA,CTIN-944500,,Perpetual,5,22-Feb-22,Annual,367667,,,Yes,Yes,CT Powai,Qualys,721,R S Consulting Services,,,,PS,OQQVDMPNP9XE2J5U,Request ID SR79058,Functions (IT),GE Healthcare,
681,Software,Q-S-VMDR,NA,CTIN-917235,,Subscription,500,11-May-24,Annual,355399,11-May-2024,07-Nov-2024,Yes,Yes,CT Mindspace-1,Qualys,,R S Consulting Services,INV-33962,,,Raosaheb,57E74GWWOK67PLRC,Request ID SR32562,HMT1,UnitedHealth Group,Durga Rao Namana
682,Software,Traqplan Timeline,NA,CTIN-773700,,Subscription,3,25-Nov-22,6 Months,147602,25-Nov-2022,24-Nov-2024,No,Yes,CT USA,Traqplan,1246,RALCO synergy pvt ltd,,Client Provided,,Raosaheb,,,Functions (IT),Elevance Health,Shashank Soni
683,Software,Q-S-VMDR,NA,CTIN-919671,FAMS65659,Perpetual,2,24-Jan-24,Perpetual,485050,,,No,No,CT India,Qualys,1459,R S Consulting Services,INV-87305,Client Provided,,Integration Team,36EBFCJX1DV5STH2,Request ID SR98085,HMT1,CVS Health,
684,Software,.NET Developer Bundle,NA,CTIN-395876,FAMS79727,Perpetual,2000,05-Feb-21,6 Months,228151,,,Yes,No,CT Mindspace-1,Red Gate,249,Red Gate Software Ltd,,Client Provided,,On Portal,P4HQB9PAV9J7RK34,,HHP,UnitedHealth Group,Niloy Datta
685,Software,Q-S-VMDR,NA,CTIN-759817,,Perpetual,500,10-Feb-23,Perpetual,49863,,,No,Yes,CT Mindspace-3,Qualys,268,R S Consulting Services,,CCNF,,Volume Licensing Site,0YXWJYDDVV7ZAED2,,HHP,UnitedHealth Group,Hemanth Macha
686,Software,Commvault FEDCB Data Protection,Advance-Foundation NA,CTIN-301614,,Perpetual,50,04-Apr-18,Annual,469581,,,No,No,CT USA,Commvault,240,Pentagon System And Services Pvt. Ltd,,,,Raosaheb,,Request ID SR53169,Functions (IT),GE Healthcare,Amit Chauhan
687,Software,7 Edit,Professional 2,CTIN-508173,FAMS84212,Perpetual,3,05-Sep-25,6 Months,321920,,,Yes,Yes,CT India,HL7,498,Embee Software Pvt Ltd,,,,Integration Team,,Request ID SR92171,HLS,UnitedHealth Group,Durga Prasanth Vanapalli
688,Software,Director Suite,Premium 6,CTIN-582084,,Subscription,25,29-Mar-24,Perpetual,210989,29-Mar-2024,29-Mar-2026,Yes,Yes,CT India,Cyberlink,697,Online,,Client Provided,,,XX160GE3I7UO95NK,,Functions (IT),Cambia,Sai Charan Gunji
689,Software,2FA for Jira,Commercial,CTIN-569737,FAMS69866,Subscription,2,30-Nov-19,Annual,203065,30-Nov-2019,29-Nov-2021,Yes,No,CT Mindspace-1,Atlassian,,Online,,,,Raosaheb,UYL8QOGRDKUL7818,,HMT1,CVS Health,Mokshitha  Dwarasala
690,Software,Commvault FEDCB Data Protection,Advance-Foundation NA,CTIN-588152,FAMS31455,Subscription,2,08-Dec-23,Annual,344697,08-Dec-2023,05-Jun-2024,Yes,Yes,CT USA,Commvault,,Pentagon System And Services Pvt. Ltd,INV-90458,CCNF,,On Portal,M7XJGCO7Q8HH9977,,Functions (IT),GE Healthcare,
691,Software,2FA for Jira,Commercial,CTIN-722998,,Perpetual,3,28-Sep-22,Annual,225088,,,Yes,No,CT Mindspace-1,Atlassian,524,Online,,CCNF,,Raosaheb,8XBGTUDNU8NOQBGB,Request ID SR34685,HLS,Cigna,Nageswarao Kancharla
692,Software,Director Suite,Premium 6,CTIN-501555,,Subscription,50,09-Jan-24,Perpetual,7431,09-Jan-2024,08-Jan-2026,No,No,CT USA,Cyberlink,157,Online,,,,PS,LGODA8O7WU3DBGYQ,Request ID SR38442,HMT1,Humana,
693,Software,7 Edit,Professional 2,CTIN-489024,,Perpetual,2,26-Dec-20,Annual,248736,,,No,Yes,CT Mindspace-3,HL7,774,Embee Software Pvt Ltd,,,,On Portal,,Request ID SR95074,HHP,Athena,Hemanth Macha
694,Software,2FA for Jira,Commercial,CTIN-274381,FAMS62219,Subscription,2000,23-Sep-18,Annual,88793,23-Sep-2018,22-Mar-2019,Yes,Yes,CT Powai,Atlassian,283,Online,,Client Provided,,Volume Licensing Site,HNONAFTV0ACIPLLV,Request ID SR93745,HMT2,Humana,Julie Schipper
695,Software,CP Rhapsody IDE,6.4.1,CTIN-131101,FAMS95572,Perpetual,50,05-Mar-20,Annual,249047,,,Yes,No,CT Powai,OrionHealth,1142,Client Provided,,CCNF,,Integration Team,O1BZILBEQSS58Z93,Request ID SR38303,HPR,UnitedHealth Group,Sandhya Goud Nandigam
696,Software,.NET Developer Bundle,NA,CTIN-540691,FAMS78526,Perpetual,3,05-Mar-26,Perpetual,120150,,,No,No,CT Powai,Red Gate,,Red Gate Software Ltd,,CCNF,,Volume Licensing Site,QLGJT19HHBCVASLK,Request ID SR13113,HPR,Athena,
697,Software,7 Edit,Professional 2,CTIN-833707,FAMS44279,Subscription,1,27-Jan-25,6 Months,313221,27-Jan-2025,27-Jan-2026,Yes,No,CT USA,HL7,,Embee Software Pvt Ltd,,Client Provided,,On Portal,,Request ID SR88867,HMT1,Devita,Geetha Usha Sri  Bade
698,Software,Director Suite,Premium 6,CTIN-590019,FAMS98945,Perpetual,10,15-Oct-21,Annual,449825,,,No,No,CT India,Cyberlink,523,Online,INV-11486,Client Provided,,Integration Team,,,Functions (IT),UnitedHealth Group,Kumar Saurav
699,Software,Commvault FEDCB Data Protection,Advance-Foundation NA,Client Provided,FAMS61599,Subscription,10,02-Apr-24,6 Months,191950,02-Apr-2024,02-Apr-2026,Yes,No,CT Mindspace-1,Commvault,966,Pentagon System And Services Pvt. Ltd,,,,Volume Licensing Site,O5X6VVVXJ9Q2L7TR,,HMT1,Elevance Health,
700,Software,Commvault FEDCB Data Protection,Advance-Foundation NA,CTIN-313580,,Subscription,1,03-Jan-24,6 Months,289637,03-Jan-2024,01-Jul-2024,No,No,CT Mindspace-1,Commvault,1061,Pentagon System And Services Pvt. Ltd,,,,Raosaheb,,Request ID SR18279,HPR,GE Healthcare,Venkata Ravi Teja Bhamidi
701,Software,CP Rhapsody IDE,6.4.1,CTIN-452480,FAMS61444,Perpetual,10,02-Feb-20,6 Months,338957,,,No,Yes,CT Mindspace-1,OrionHealth,92,Client Provided,,,,Volume Licensing Site,,Request ID SR23581,HLS,CVS Health,Rahul Chetwani
702,Software,2FA for Jira,Commercial,Client Provided,,Subscription,100,05-Feb-24,Perpetual,332788,05-Feb-2024,03-Aug-2024,Yes,No,CT India,Atlassian,1,Online,,Client Provided,,Raosaheb,D353CD3TFLJACCB8,Request ID SR57469,HMT1,CVS Health,Deepthi Bodavula
703,Software,Q-S-VMDR,NA,Client Provided,,Subscription,5,23-May-25,Annual,230376,23-May-2025,23-May-2027,No,Yes,CT USA,Qualys,977,R S Consulting Services,,,,Volume Licensing Site,ML9DYKRXM0J7K64N,Request ID SR43482,Functions (IT),GE Healthcare,Rithvik Vishnupantuloo
704,Software,2FA for Jira,Commercial,CTIN-929253,FAMS71983,Subscription,500,28-Aug-22,Perpetual,499757,28-Aug-2022,28-Aug-2023,No,Yes,CT USA,Atlassian,1392,Online,,,,Raosaheb,7BGY2F8DOGZ5RDUF,,HLS,Devita,Prasanthi Kumari Seelamanthula
705,Software,Director Suite,Premium 6,CTIN-956891,FAMS98167,Subscription,50,09-Dec-18,6 Months,330613,09-Dec-2018,09-Dec-2019,Yes,Yes,CT USA,Cyberlink,701,Online,INV-80375,,,Raosaheb,CRFCVQ7E6F6T5XQ9,,HLS,Devita,Sivakumar Nidiginti
706,Software,7 Edit,Professional 2,CTIN-333825,FAMS91659,Perpetual,1,13-May-22,Perpetual,391326,,,No,Yes,CT Mindspace-1,HL7,526,Embee Software Pvt Ltd,INV-71509,,,On Portal,59CMA4AES9D6TLBA,Request ID SR44988,HMT1,Elevance Health,Mangesh Naik
707,Software,.NET Developer Bundle,NA,CTIN-923294,,Perpetual,2000,04-May-18,Perpetual,336395,,,No,Yes,CT Powai,Red Gate,1061,Red Gate Software Ltd,,Client Provided,,PS,,Request ID SR78346,HPR,UnitedHealth Group,Sreekanth  Kotapati
708,Software,Traqplan Timeline,NA,CTIN-464706,FAMS90702,Subscription,10,07-Nov-21,6 Months,153960,07-Nov-2021,07-Nov-2022,No,Yes,CT Powai,Traqplan,628,RALCO synergy pvt ltd,,,,Volume Licensing Site,6E1VDK0GVDBYI5X1,Request ID SR99125,HLS,Athena,Vruushali Raut
709,Software,Q-S-VMDR,NA,CTIN-486252,FAMS40735,Perpetual,100,13-Aug-19,Annual,26698,,,No,Yes,CT Powai,Qualys,568,R S Consulting Services,INV-20876,,,On Portal,OBIV6F0S7NJ0DZRT,,Functions (IT),Elevance Health,
710,Software,Traqplan Timeline,NA,CTIN-124852,FAMS81655,Subscription,2000,21-Feb-24,Perpetual,58446,21-Feb-2024,20-Feb-2026,No,No,CT Mindspace-1,Traqplan,726,RALCO synergy pvt ltd,INV-97560,,,Raosaheb,0Y2IUHZFS471CUFE,Request ID SR33866,HMT2,UnitedHealth Group,Katherine Fetter
711,Software,Commvault FEDCB Data Protection,Advance-Foundation NA,CTIN-842661,,Subscription,3,29-Jun-23,Annual,416658,29-Jun-2023,26-Dec-2023,No,Yes,CT Mindspace-1,Commvault,1131,Pentagon System And Services Pvt. Ltd,,,,Integration Team,3LJCBQ5S09UK6M9Z,,HPR,UnitedHealth Group,Aditi Shewale
712,Software,Commvault FEDCB Data Protection,Advance-Foundation NA,CTIN-731446,FAMS48415,Subscription,100,01-Oct-18,Perpetual,382875,01-Oct-2018,01-Oct-2019,No,No,CT Mindspace-1,Commvault,595,Pentagon System And Services Pvt. Ltd,,CCNF,,PS,6XBNN6D6D16KZ1H8,,HPR,Cigna,Manikanta Jakkam Setty
713,Software,.NET Developer Bundle,NA,CTIN-378796,,Perpetual,10,04-Dec-20,Perpetual,65890,,,Yes,No,CT Mindspace-3,Red Gate,1221,Red Gate Software Ltd,INV-36035,Client Provided,,Volume Licensing Site,WBG1IB43K68UB9QL,Request ID SR75512,HPR,Devita,
714,Software,Traqplan Timeline,NA,CTIN-893714,,Subscription,1,17-Oct-22,Annual,76551,17-Oct-2022,17-Oct-2023,No,Yes,CT USA,Traqplan,,RALCO synergy pvt ltd,,,,,XFON5SGPX9QNXL9M,Request ID SR89144,HMT1,Athena,Nageswarao Kancharla
715,Software,.NET Developer Bundle,NA,CTIN-471286,FAMS52739,Subscription,500,04-Jan-24,6 Months,20440,04-Jan-2024,03-Jan-2026,No,No,CT Mindspace-1,Red Gate,790,Red Gate Software Ltd,INV-53775,,,Raosaheb,VJT4HL3ZCET6EWG8,Request ID SR68696,Functions (IT),Cambia,Shubham Reddy Samala
716,Software,.NET Developer Bundle,NA,CTIN-498691,FAMS61754,Perpetual,2,09-Jan-18,6 Months,58976,,,No,No,CT Mindspace-1,Red Gate,631,Red Gate Software Ltd,,Client Provided,,Integration Team,Q6BSB9XD8T984K64,,HMT1,Cigna,Indra Goel
717,Software,7 Edit,Professional 2,CTIN-633532,FAMS85360,Subscription,2,02-Sep-20,Annual,254301,02-Sep-2020,01-Mar-2021,Yes,Yes,CT India,HL7,817,Embee Software Pvt Ltd,INV-68045,CCNF,,,MEJMI4K6XNB5U3JJ,Request ID SR62182,HMT1,Cigna,
718,Software,Commvault FEDCB Data Protection,Advance-Foundation NA,CTIN-908376,FAMS71843,Subscription,5,08-Jul-24,Annual,338306,08-Jul-2024,08-Jul-2025,No,No,CT USA,Commvault,859,Pentagon System And Services Pvt. Ltd,,,,PS,CT8BFZ2SQ8R70ETM,Request ID SR17045,HPR,Humana,
719,Software,Traqplan Timeline,NA,CTIN-224654,FAMS93884,Subscription,5,28-May-24,Perpetual,41694,28-May-2024,28-May-2025,No,Yes,CT Mindspace-1,Traqplan,942,RALCO synergy pvt ltd,INV-73330,Client Provided,,Volume Licensing Site,,,HMT2,CVS Health,Nashra Hashim
720,Software,7 Edit,Professional 2,CTIN-677163,,Perpetual,10,24-Oct-19,Perpetual,40007,,,No,No,CT USA,HL7,538,Embee Software Pvt Ltd,INV-13821,CCNF,,PS,KC3K56WII4XDLKKO,,HPR,UnitedHealth Group,
721,Software,Director Suite,Premium 6,CTIN-990487,FAMS11467,Subscription,5,20-Sep-25,Annual,363935,20-Sep-2025,19-Mar-2026,Yes,Yes,CT India,Cyberlink,393,Online,INV-50530,,,Integration Team,IEJIUA6D5WQWCQWL,Request ID SR76453,HLS,Kaiser Permanente,Carrie J Keller
722,Software,2FA for Jira,Commercial,CTIN-432534,FAMS34971,Perpetual,50,29-Jan-19,Perpetual,28769,,,No,No,CT USA,Atlassian,1375,Online,INV-93938,,,On Portal,0TALAETV41FROTXB,,HHP,GE Healthcare,
723,Software,Traqplan Timeline,NA,CTIN-243167,FAMS56814,Perpetual,1,30-Aug-21,Perpetual,448144,,,Yes,Yes,CT Mindspace-1,Traqplan,472,RALCO synergy pvt ltd,INV-84759,CCNF,,Raosaheb,B52YIQINB83G1UQJ,,HHP,GE Healthcare,Mahamud Sayyad
724,Software,Q-S-VMDR,NA,CTIN-234013,,Perpetual,10,06-Oct-22,Perpetual,337721,,,No,No,CT India,Qualys,650,R S Consulting Services,,Client Provided,,Raosaheb,GD1HK167UAYCU42M,Request ID SR65974,HHP,Humana,Shubham Reddy Samala
725,Software,Commvault FEDCB Data Protection,Advance-Foundation NA,CTIN-582207,FAMS77390,Perpetual,5,09-Jan-25,6 Months,487557,,,Yes,Yes,CT USA,Commvault,298,Pentagon System And Services Pvt. Ltd,INV-42293,,,Raosaheb,,,HMT1,Cigna,Deepthi Bodavula
726,Software,2FA for Jira,Commercial,CTIN-477281,FAMS51995,Perpetual,10,20-May-19,Perpetual,206940,,,No,Yes,CT Mindspace-1,Atlassian,1153,Online,INV-94481,,,Raosaheb,IHC6XD6B6F34NJ8Q,Request ID SR80184,Functions (IT),Devita,Aprajeeta Anumeh
727,Software,Q-S-VMDR,NA,CTIN-368106,FAMS82752,Subscription,25,18-Nov-24,6 Months,340155,18-Nov-2024,18-Nov-2026,Yes,No,CT Mindspace-1,Qualys,723,R S Consulting Services,INV-68417,Client Provided,,Raosaheb,17V8D2414HU7RNGK,,HHP,Devita,
728,Software,Director Suite,Premium 6,CTIN-828101,FAMS53045,Perpetual,5,08-Mar-20,Perpetual,21104,,,Yes,Yes,CT Mindspace-1,Cyberlink,1299,Online,INV-21564,,,On Portal,CO7WO3UZEWS4AR6N,Request ID SR85406,Functions (IT),CVS Health,Robert Loomis
729,Software,7 Edit,Professional 2,CTIN-262178,FAMS28610,Subscription,100,11-Dec-23,6 Months,142313,11-Dec-2023,08-Jun-2024,No,Yes,CT USA,HL7,267,Embee Software Pvt Ltd,,,,On Portal,6SFRD591CR2FGVXW,,Functions (IT),Devita,Vineeth Chowdary Tripuraneni
730,Software,Commvault FEDCB Data Protection,Advance-Foundation NA,CTIN-722080,,Perpetual,3,03-Mar-23,Perpetual,301772,,,No,No,CT India,Commvault,128,Pentagon System And Services Pvt. Ltd,,CCNF,,Volume Licensing Site,0CDL1M2OOC19RC8H,Request ID SR44808,Functions (IT),CVS Health,Vikramsingh Chavan
731,Software,.NET Developer Bundle,NA,Client Provided,FAMS71600,Subscription,3,21-Dec-24,6 Months,459671,21-Dec-2024,21-Dec-2025,Yes,No,CT Mindspace-3,Red Gate,212,Red Gate Software Ltd,INV-56855,,,On Portal,,,HLS,Devita,
732,Software,Traqplan Timeline,NA,CTIN-513119,FAMS61599,Subscription,3,23-Mar-18,Annual,310140,23-Mar-2018,19-Sep-2018,Yes,Yes,CT India,Traqplan,288,RALCO synergy pvt ltd,,,,PS,BEXH4MN09COFIIA6,Request ID SR87884,HLS,Cambia,Mahesh Muktala
733,Software,7 Edit,Professional 2,CTIN-882622,FAMS29131,Perpetual,25,20-May-25,Annual,298689,,,No,Yes,CT India,HL7,,Embee Software Pvt Ltd,INV-62210,,,Integration Team,R8ZC47D0XBKZJF5W,Request ID SR84806,Functions (IT),UnitedHealth Group,Christopher St. Germain
734,Software,Traqplan Timeline,NA,CTIN-991226,FAMS34412,Perpetual,3,14-Jan-25,Perpetual,458396,,,No,Yes,CT India,Traqplan,651,RALCO synergy pvt ltd,,,,,HNB428EYCUZ4P96G,Request ID SR85031,Functions (IT),CVS Health,Durga Rao Namana
735,Software,7 Edit,Professional 2,CTIN-870080,,Perpetual,2,03-Apr-24,6 Months,32282,,,Yes,No,CT USA,HL7,802,Embee Software Pvt Ltd,,,,Raosaheb,YJCOR5L2AVIADKJD,Request ID SR25766,HPR,CVS Health,Trivikram Kota
736,Software,.NET Developer Bundle,NA,CTIN-664492,FAMS95953,Perpetual,1,10-Dec-23,6 Months,412661,,,Yes,Yes,CT Powai,Red Gate,672,Red Gate Software Ltd,,,,On Portal,,Request ID SR45984,HMT1,Cambia,Mike Jones
737,Software,CP Rhapsody IDE,6.4.1,Client Provided,,Subscription,500,09-Jan-24,Perpetual,170746,09-Jan-2024,08-Jan-2026,No,No,CT Mindspace-3,OrionHealth,1373,Client Provided,,,,On Portal,KGWFAPNSX07PZ0XU,,Functions (IT),Elevance Health,Suresh Muppala
738,Software,.NET Developer Bundle,NA,Client Provided,FAMS73737,Perpetual,25,15-Nov-19,Perpetual,301702,,,No,No,CT USA,Red Gate,812,Red Gate Software Ltd,,CCNF,,PS,,Request ID SR36617,HMT1,Athena,Christopher St. Germain
739,Software,Traqplan Timeline,NA,CTIN-598064,FAMS94611,Subscription,2000,20-Jul-22,6 Months,325975,20-Jul-2022,19-Jul-2024,No,Yes,CT Powai,Traqplan,1190,RALCO synergy pvt ltd,INV-33051,,,Raosaheb,Y7VMH15E37WSQKG1,Request ID SR94145,HMT2,Cambia,Satish Kumar Kori
740,Software,Director Suite,Premium 6,CTIN-410273,FAMS43527,Subscription,2,08-Feb-20,Perpetual,344082,08-Feb-2020,07-Feb-2021,Yes,No,CT Mindspace-1,Cyberlink,958,Online,INV-16202,Client Provided,,,U8PBQHQ9F7D9C5OM,,HPR,Cigna,
741,Software,Traqplan Timeline,NA,CTIN-369040,FAMS98944,Perpetual,2000,16-Mar-22,Perpetual,43204,,,Yes,Yes,CT USA,Traqplan,1297,RALCO synergy pvt ltd,,,,,4RUWMG6W6N3DZ7VT,Request ID SR90553,HHP,Kaiser Permanente,
742,Software,Director Suite,Premium 6,CTIN-189598,FAMS31771,Subscription,3,29-Jul-20,Perpetual,42268,29-Jul-2020,29-Jul-2022,Yes,No,CT Powai,Cyberlink,502,Online,INV-19567,Client Provided,,PS,PI7K6BTY3RBX4GFP,,HHP,Cigna,Julie Schipper
743,Software,7 Edit,Professional 2,CTIN-309417,FAMS54582,Subscription,2,05-Oct-23,6 Months,342081,05-Oct-2023,02-Apr-2024,Yes,Yes,CT Mindspace-3,HL7,372,Embee Software Pvt Ltd,INV-35367,Client Provided,,Integration Team,,Request ID SR22020,HLS,GE Healthcare,Rahul Sharma
744,Software,Traqplan Timeline,NA,CTIN-850225,FAMS84060,Subscription,2000,30-May-18,Perpetual,165013,30-May-2018,29-May-2020,Yes,Yes,CT Powai,Traqplan,563,RALCO synergy pvt ltd,INV-17146,CCNF,,Volume Licensing Site,LV131UGQF9NTC7LK,Request ID SR33613,HPR,GE Healthcare,Akshay Aamre
745,Software,Director Suite,Premium 6,CTIN-377653,,Perpetual,25,05-Aug-18,Annual,316661,,,Yes,Yes,CT USA,Cyberlink,34,Online,,,,Raosaheb,M90IYW8ZARXPAC2E,Request ID SR14396,HMT2,Cambia,Sandeep M
746,Software,Director Suite,Premium 6,CTIN-699273,FAMS90552,Subscription,2000,11-Feb-24,6 Months,5942,11-Feb-2024,10-Feb-2026,No,No,CT USA,Cyberlink,830,Online,INV-41651,,,Raosaheb,DOQL6CX64I3MEOL1,,HHP,Athena,Manisha Katla
747,Software,Q-S-VMDR,NA,CTIN-311746,FAMS60875,Subscription,2,19-Jun-25,6 Months,68080,19-Jun-2025,19-Jun-2027,No,Yes,CT Mindspace-3,Qualys,926,R S Consulting Services,INV-38140,,,,,Request ID SR60922,HPR,UnitedHealth Group,Rahul Chetwani
748,Software,Commvault FEDCB Data Protection,Advance-Foundation NA,Client Provided,,Subscription,25,07-Sep-20,Annual,147648,07-Sep-2020,06-Mar-2021,No,No,CT Powai,Commvault,163,Pentagon System And Services Pvt. Ltd,INV-55268,,,,8JXA3HRUSQ9XBBEZ,,HPR,CVS Health,Palani Kumar  Pulicherla
749,Software,Traqplan Timeline,NA,Client Provided,,Perpetual,50,16-Sep-24,6 Months,239481,,,Yes,No,CT Mindspace-1,Traqplan,1041,RALCO synergy pvt ltd,,Client Provided,,Integration Team,SQWGCHYHSAC81WLM,,HLS,Cambia,
750,Software,Q-S-VMDR,NA,CTIN-626937,FAMS13671,Perpetual,3,13-Nov-24,6 Months,13576,,,Yes,No,CT Mindspace-3,Qualys,,R S Consulting Services,,,,PS,GBTP7UE18UP4BLPM,Request ID SR93080,HLS,Cigna,Indra Goel
751,Software,Traqplan Timeline,NA,CTIN-871148,FAMS14147,Perpetual,2000,03-Oct-20,Annual,70686,,,No,Yes,CT USA,Traqplan,552,RALCO synergy pvt ltd,,CCNF,,Integration Team,,Request ID SR94451,HMT1,Elevance Health,Durga Prasanth Vanapalli
752,Software,Commvault FEDCB Data Protection,Advance-Foundation NA,CTIN-719896,,Perpetual,500,03-Jul-18,Annual,498550,,,No,No,CT Powai,Commvault,1193,Pentagon System And Services Pvt. Ltd,,,,PS,FZVDM146SI9NXCSP,,HMT2,GE Healthcare,Sudalai  Pitchai
753,Software,Traqplan Timeline,NA,CTIN-329485,FAMS94317,Perpetual,500,24-Jun-18,Annual,298227,,,Yes,No,CT India,Traqplan,375,RALCO synergy pvt ltd,,Client Provided,,Volume Licensing Site,WAM8C8P7T44W9B85,Request ID SR97211,HPR,Kaiser Permanente,Saurav Acharya
754,Software,7 Edit,Professional 2,CTIN-776619,FAMS47675,Perpetual,50,24-Jun-23,6 Months,333600,,,Yes,Yes,CT Mindspace-1,HL7,373,Embee Software Pvt Ltd,INV-50431,CCNF,,Raosaheb,U8SRMPF2UF802HQ6,,HMT2,Devita,
755,Software,Commvault FEDCB Data Protection,Advance-Foundation NA,CTIN-343999,,Subscription,25,03-May-23,6 Months,646,03-May-2023,30-Oct-2023,No,No,CT India,Commvault,782,Pentagon System And Services Pvt. Ltd,,CCNF,,,IEJ182STYOEUTDUB,,HLS,UnitedHealth Group,Chaitanya Nandamuri
756,Software,Director Suite,Premium 6,Client Provided,FAMS64410,Perpetual,10,20-Jan-23,Perpetual,269910,,,Yes,No,CT Mindspace-1,Cyberlink,438,Online,,Client Provided,,Raosaheb,YXHJPVLAQT9ORMG9,,Functions (IT),Cigna,Aparna Dandamudi
757,Software,CP Rhapsody IDE,6.4.1,CTIN-745447,,Subscription,1,06-Oct-22,6 Months,315669,06-Oct-2022,04-Apr-2023,Yes,No,CT Powai,OrionHealth,13,Client Provided,,CCNF,,Raosaheb,47AJHJ1OP9HCO9CH,Request ID SR69325,HPR,Cigna,
758,Software,Q-S-VMDR,NA,Client Provided,,Perpetual,25,11-Oct-22,6 Months,291089,,,No,No,CT Mindspace-1,Qualys,983,R S Consulting Services,INV-70807,,,On Portal,O9SONQH5CXMPCP4Z,,Functions (IT),Cigna,
759,Software,Director Suite,Premium 6,CTIN-565469,FAMS20996,Subscription,100,25-Jul-19,Perpetual,92556,25-Jul-2019,24-Jul-2021,Yes,Yes,CT Mindspace-3,Cyberlink,464,Online,INV-25716,,,,JA4SR216ASTAPU44,,HMT2,UnitedHealth Group,
760,Software,Director Suite,Premium 6,CTIN-427215,,Perpetual,5,12-Jun-24,Annual,180070,,,No,Yes,CT Mindspace-3,Cyberlink,273,Online,,Client Provided,,Integration Team,YLSJVARZ73SI0WUW,Request ID SR41058,HLS,Athena,Michael Tucker
761,Software,Traqplan Timeline,NA,CTIN-895267,FAMS74945,Perpetual,5,18-May-21,Perpetual,442512,,,Yes,No,CT Mindspace-1,Traqplan,509,RALCO synergy pvt ltd,,CCNF,,,178Q5CRKP6AD9GE9,Request ID SR15364,HLS,Devita,Mani Krishna Devavarapu
762,Software,Commvault FEDCB Data Protection,Advance-Foundation NA,CTIN-265312,FAMS86737,Subscription,100,09-Jul-18,Annual,268827,09-Jul-2018,08-Jul-2020,No,Yes,CT India,Commvault,1107,Pentagon System And Services Pvt. Ltd,INV-59499,,,Integration Team,AXZQKUL3GH4EW37X,Request ID SR47387,HMT1,Athena,Shawn Patrick Burr
763,Software,Q-S-VMDR,NA,CTIN-339760,FAMS68803,Subscription,25,20-Jan-21,Annual,221706,20-Jan-2021,20-Jan-2022,Yes,Yes,CT Powai,Qualys,1283,R S Consulting Services,,,,PS,,Request ID SR19304,HHP,GE Healthcare,Nelson Nagnur
764,Software,Director Suite,Premium 6,CTIN-931074,FAMS15662,Subscription,2000,21-Oct-19,6 Months,487328,21-Oct-2019,20-Oct-2021,Yes,No,CT Powai,Cyberlink,,Online,INV-24251,CCNF,,PS,86P800Q2MW1L0LFB,Request ID SR82037,HMT2,Humana,Sai Kushwanth Vailipalli
765,Software,7 Edit,Professional 2,CTIN-325837,FAMS95100,Subscription,2000,19-Aug-25,6 Months,76528,19-Aug-2025,19-Aug-2027,Yes,Yes,CT India,HL7,1296,Embee Software Pvt Ltd,INV-87359,CCNF,,On Portal,,,HMT2,Athena,Gayatri Inguva
766,Software,Traqplan Timeline,NA,CTIN-279645,FAMS27159,Perpetual,500,03-Oct-18,6 Months,18717,,,Yes,No,CT Powai,Traqplan,,RALCO synergy pvt ltd,INV-99409,Client Provided,,Volume Licensing Site,JM2XY1LCR39ENVZF,Request ID SR72982,HMT2,GE Healthcare,Vamsi Krishna  Potula
767,Software,Traqplan Timeline,NA,CTIN-775421,FAMS63209,Perpetual,10,27-Jul-21,Annual,27623,,,Yes,No,CT India,Traqplan,297,RALCO synergy pvt ltd,,Client Provided,,On Portal,VUSE650PEOJTYHH7,,HMT1,GE Healthcare,Swaminathan Gopalakrishnan
768,Software,Director Suite,Premium 6,CTIN-267397,FAMS52924,Subscription,100,15-Oct-23,6 Months,140362,15-Oct-2023,12-Apr-2024,Yes,No,CT Mindspace-1,Cyberlink,403,Online,,,,Raosaheb,,Request ID SR87772,HPR,GE Healthcare,Bhagyashree Girish Bharambe
769,Software,.NET Developer Bundle,NA,CTIN-974993,FAMS93062,Perpetual,25,24-May-23,6 Months,190617,,,No,No,CT Powai,Red Gate,1442,Red Gate Software Ltd,,Client Provided,,On Portal,4LUI8D2O0GLL0JIM,Request ID SR61408,HMT1,Humana,
770,Software,2FA for Jira,Commercial,CTIN-637688,FAMS64516,Perpetual,3,02-Feb-21,Annual,126833,,,No,Yes,CT USA,Atlassian,,Online,,Client Provided,,PS,XESZP4WH3C7AM56G,Request ID SR69162,HMT1,Athena,
771,Software,7 Edit,Professional 2,CTIN-155545,FAMS35793,Perpetual,10,12-Jun-19,Annual,141811,,,Yes,No,CT Mindspace-1,HL7,650,Embee Software Pvt Ltd,INV-85060,Client Provided,,PS,,,Functions (IT),Kaiser Permanente,
772,Software,Commvault FEDCB Data Protection,Advance-Foundation NA,CTIN-460713,FAMS35475,Subscription,100,01-Jul-21,Annual,69189,01-Jul-2021,01-Jul-2022,No,No,CT Mindspace-1,Commvault,,Pentagon System And Services Pvt. Ltd,INV-36074,,,Volume Licensing Site,RV9NB1QX4WFVT2Y4,Request ID SR20997,HLS,Kaiser Permanente,Nibi George
773,Software,Director Suite,Premium 6,CTIN-984496,,Perpetual,2000,05-Oct-19,Perpetual,354416,,,Yes,No,CT USA,Cyberlink,35,Online,,,,,6Y4LC9K2748VG012,Request ID SR83088,Functions (IT),Elevance Health,
774,Software,Commvault FEDCB Data Protection,Advance-Foundation NA,CTIN-476223,FAMS27768,Perpetual,2000,21-Feb-25,6 Months,409689,,,Yes,Yes,CT India,Commvault,875,Pentagon System And Services Pvt. Ltd,INV-96262,CCNF,,Raosaheb,,Request ID SR47801,HMT2,Cigna,Neha Abhijeet Gajaralwar
775,Software,CP Rhapsody IDE,6.4.1,CTIN-387840,FAMS23214,Perpetual,10,12-Jun-20,Perpetual,427211,,,No,Yes,CT Mindspace-1,OrionHealth,,Client Provided,INV-65708,,,Volume Licensing Site,,,HPR,Athena,Mayur Sharad Kasat
776,Software,Commvault FEDCB Data Protection,Advance-Foundation NA,Client Provided,,Perpetual,1,05-Jun-23,Perpetual,168703,,,No,Yes,CT USA,Commvault,519,Pentagon System And Services Pvt. Ltd,INV-14923,,,On Portal,J7VHZF00C31WPNO7,,HMT1,Cambia,
777,Software,Traqplan Timeline,NA,CTIN-825632,FAMS30321,Subscription,2000,24-Aug-19,6 Months,292267,24-Aug-2019,23-Aug-2020,Yes,No,CT Mindspace-1,Traqplan,1485,RALCO synergy pvt ltd,,,,Volume Licensing Site,RHVM0JQ3DZ2RRLYH,,HPR,Humana,
778,Software,Commvault FEDCB Data Protection,Advance-Foundation NA,CTIN-717056,FAMS10980,Subscription,500,23-Feb-19,6 Months,376858,23-Feb-2019,22-Feb-2021,No,Yes,CT Mindspace-1,Commvault,190,Pentagon System And Services Pvt. Ltd,INV-35611,Client Provided,,,MPF06XGGRPU1M2I2,,HMT1,Elevance Health,
779,Software,Commvault FEDCB Data Protection,Advance-Foundation NA,Client Provided,FAMS45097,Subscription,500,04-Jun-25,6 Months,442868,04-Jun-2025,04-Jun-2026,Yes,No,CT India,Commvault,,Pentagon System And Services Pvt. Ltd,,,,PS,,Request ID SR84335,HHP,GE Healthcare,Kumar Saurav
780,Software,CP Rhapsody IDE,6.4.1,CTIN-993217,FAMS94831,Perpetual,25,21-Aug-22,Annual,291993,,,Yes,No,CT Mindspace-3,OrionHealth,1128,Client Provided,INV-61514,,,Raosaheb,0K7MF57YPVXGT3FW,Request ID SR45463,Functions (IT),Devita,Swapnil Thakur
781,Software,Commvault FEDCB Data Protection,Advance-Foundation NA,CTIN-225484,,Perpetual,100,15-Jan-19,Perpetual,93487,,,Yes,Yes,CT USA,Commvault,808,Pentagon System And Services Pvt. Ltd,,Client Provided,,Volume Licensing Site,F99JIUF4D5JNM42T,,HLS,Devita,Anand Jujjavarapu
782,Software,Commvault FEDCB Data Protection,Advance-Foundation NA,CTIN-499778,,Subscription,2,24-Jul-22,Annual,67788,24-Jul-2022,20-Jan-2023,Yes,No,CT Mindspace-1,Commvault,844,Pentagon System And Services Pvt. Ltd,,Client Provided,,Raosaheb,G5UK5LR5G1FGGMMF,Request ID SR76215,HPR,Cigna,Priyanka Arya Chandra
783,Software,2FA for Jira,Commercial,CTIN-832747,FAMS91908,Subscription,5,25-Jan-23,Perpetual,397957,25-Jan-2023,24-Jan-2025,No,No,CT USA,Atlassian,,Online,,,,,,Request ID SR80118,HPR,GE Healthcare,Lloyd Dsouza
784,Software,.NET Developer Bundle,NA,CTIN-253198,FAMS15335,Perpetual,500,20-Apr-21,Annual,168452,,,No,No,CT Mindspace-1,Red Gate,,Red Gate Software Ltd,,Client Provided,,Integration Team,0RW1JFB5PGHVEP8C,,HMT1,CVS Health,Manikanta Jakkam Setty
785,Software,Director Suite,Premium 6,CTIN-969916,,Subscription,5,08-Jun-21,Perpetual,273083,08-Jun-2021,08-Jun-2022,Yes,No,CT Mindspace-1,Cyberlink,1011,Online,,Client Provided,,Integration Team,FSOKYPH9COOEGD97,,HMT2,Cambia,Anand Jujjavarapu
786,Software,CP Rhapsody IDE,6.4.1,CTIN-495506,,Subscription,100,04-Jan-21,Perpetual,347739,04-Jan-2021,04-Jan-2023,Yes,Yes,CT Mindspace-3,OrionHealth,,Client Provided,INV-82015,,,Volume Licensing Site,UZA7PHO72SKY9PJ6,,HHP,Cambia,Gayatri Inguva
787,Software,Q-S-VMDR,NA,CTIN-904033,FAMS34937,Perpetual,2000,28-Nov-22,Annual,127699,,,Yes,No,CT India,Qualys,372,R S Consulting Services,INV-93981,,,,DYT2CJ8WT937FH90,Request ID SR94489,HMT2,UnitedHealth Group,
788,Software,Q-S-VMDR,NA,CTIN-490939,FAMS86170,Subscription,2000,03-Dec-18,Annual,206134,03-Dec-2018,01-Jun-2019,Yes,No,CT India,Qualys,1132,R S Consulting Services,,CCNF,,Volume Licensing Site,,,HMT2,GE Healthcare,Vamshi Krishna Janagam
789,Software,Commvault FEDCB Data Protection,Advance-Foundation NA,CTIN-353188,,Perpetual,100,08-Dec-22,Perpetual,145352,,,No,No,CT Powai,Commvault,,Pentagon System And Services Pvt. Ltd,INV-66099,CCNF,,Integration Team,HRXU2P3O1TMLVMVL,Request ID SR74841,HMT2,Kaiser Permanente,Sai Charan Kumar Adaveni
790,Software,Director Suite,Premium 6,CTIN-781294,FAMS85778,Perpetual,2,07-Jun-19,6 Months,191302,,,Yes,No,CT Mindspace-1,Cyberlink,619,Online,INV-45262,,,Raosaheb,6A1KDW5WW0SQCYW9,Request ID SR28537,HLS,Kaiser Permanente,
791,Software,Q-S-VMDR,NA,CTIN-790074,FAMS96054,Subscription,5,11-Apr-18,6 Months,105257,11-Apr-2018,10-Apr-2020,No,Yes,CT Mindspace-1,Qualys,,R S Consulting Services,,Client Provided,,Volume Licensing Site,632P4AJYY0NFI5GW,Request ID SR28418,HMT2,Cambia,
792,Software,Traqplan Timeline,NA,CTIN-986541,FAMS67272,Perpetual,5,06-Dec-19,Annual,322464,,,Yes,No,CT USA,Traqplan,1127,RALCO synergy pvt ltd,,CCNF,,Integration Team,KPZMCN84CK7KYXK5,Request ID SR54077,Functions (IT),GE Healthcare,
793,Software,7 Edit,Professional 2,Client Provided,FAMS18117,Perpetual,1,22-May-21,Annual,233516,,,Yes,No,CT Mindspace-1,HL7,225,Embee Software Pvt Ltd,,,,On Portal,KMQGIUZSON4FEML8,,HMT2,CVS Health,Satish Kumar Kori
794,Software,CP Rhapsody IDE,6.4.1,Client Provided,FAMS75762,Subscription,2000,13-Jul-18,Annual,217527,13-Jul-2018,09-Jan-2019,No,No,CT Powai,OrionHealth,352,Client Provided,,,,PS,3M79QQ5BOEHCWX5G,,Functions (IT),Cambia,
795,Software,CP Rhapsody IDE,6.4.1,Client Provided,FAMS61389,Subscription,3,23-Jan-20,Annual,372840,23-Jan-2020,21-Jul-2020,Yes,No,CT Mindspace-1,OrionHealth,393,Client Provided,INV-98627,,,On Portal,BHOOQNNQV1GV8D4C,,HLS,GE Healthcare,
796,Software,.NET Developer Bundle,NA,CTIN-550976,FAMS45472,Perpetual,2,03-Sep-25,Annual,262144,,,Yes,No,CT Mindspace-1,Red Gate,186,Red Gate Software Ltd,,,,,3NYB8RI1TMTWXG5J,,HHP,CVS Health,Hemant Patel
797,Software,Director Suite,Premium 6,CTIN-186838,FAMS84404,Subscription,100,19-Aug-22,Perpetual,259482,19-Aug-2022,19-Aug-2023,Yes,No,CT India,Cyberlink,,Online,INV-91585,Client Provided,,PS,96BA8C6VR2IYY2WD,,Functions (IT),CVS Health,Vinay Pal
798,Software,Director Suite,Premium 6,CTIN-455567,,Subscription,10,07-Nov-20,6 Months,214185,07-Nov-2020,07-Nov-2022,No,No,CT India,Cyberlink,1063,Online,INV-43368,CCNF,,Integration Team,2IXWRGHYG9EW9WX6,,HHP,Cambia,
799,Software,.NET Developer Bundle,NA,CTIN-380388,,Subscription,3,10-Oct-20,Perpetual,338697,10-Oct-2020,08-Apr-2021,No,No,CT Mindspace-1,Red Gate,82,Red Gate Software Ltd,,,,PS,,Request ID SR78927,HHP,CVS Health,
800,Software,Commvault FEDCB Data Protection,Advance-Foundation NA,CTIN-474445,FAMS87950,Subscription,50,08-Dec-21,Annual,372233,08-Dec-2021,06-Jun-2022,Yes,Yes,CT India,Commvault,243,Pentagon System And Services Pvt. Ltd,,CCNF,,PS,,,HMT2,UnitedHealth Group,
801,Software,2FA for Jira,Commercial,CTIN-504032,FAMS74509,Perpetual,100,24-Feb-18,Perpetual,8835,,,Yes,Yes,CT USA,Atlassian,608,Online,,CCNF,,PS,,Request ID SR38000,HMT1,Kaiser Permanente,
802,Software,CP Rhapsody IDE,6.4.1,CTIN-482676,,Perpetual,3,31-Dec-20,6 Months,392814,,,Yes,No,CT India,OrionHealth,1220,Client Provided,INV-21886,,,Raosaheb,5PUCG61K9WONC4ZM,,HMT1,Elevance Health,
803,Software,Commvault FEDCB Data Protection,Advance-Foundation NA,CTIN-665618,FAMS88586,Perpetual,25,24-Aug-22,6 Months,241382,,,No,Yes,CT USA,Commvault,1030,Pentagon System And Services Pvt. Ltd,,CCNF,,On Portal,,,Functions (IT),Humana,
804,Software,.NET Developer Bundle,NA,CTIN-200274,FAMS95646,Perpetual,100,30-May-20,6 Months,139020,,,No,Yes,CT Mindspace-1,Red Gate,,Red Gate Software Ltd,INV-77214,Client Provided,,On Portal,,Request ID SR38113,HLS,Cambia,Chaitanya Nandamuri
805,Software,Commvault FEDCB Data Protection,Advance-Foundation NA,CTIN-538001,,Subscription,10,27-Jan-24,Perpetual,246076,27-Jan-2024,26-Jan-2026,Yes,No,CT Mindspace-1,Commvault,1399,Pentagon System And Services Pvt. Ltd,,,,On Portal,L3Z8IENWAMLJII36,,Functions (IT),Cambia,Katherine Fetter
806,Software,CP Rhapsody IDE,6.4.1,CTIN-620524,FAMS92136,Subscription,5,30-Jan-22,Annual,42700,30-Jan-2022,29-Jul-2022,No,Yes,CT India,OrionHealth,616,Client Provided,,,,On Portal,SL4HKBLZTJQ79WYB,,HPR,Cambia,Mohan Vadamala
807,Software,7 Edit,Professional 2,Client Provided,FAMS74853,Subscription,3,03-Feb-19,Perpetual,31388,03-Feb-2019,02-Aug-2019,Yes,No,CT India,HL7,1329,Embee Software Pvt Ltd,,,,,5G35GG8GTYVS7RNC,,HHP,Athena,
808,Software,Q-S-VMDR,NA,CTIN-271934,FAMS54168,Perpetual,2,14-Feb-23,Annual,127310,,,No,No,CT USA,Qualys,719,R S Consulting Services,,,,On Portal,FNNYAVRDBL9OYVUS,,HHP,Cigna,Akshay Aamre
809,Software,2FA for Jira,Commercial,CTIN-402496,FAMS11492,Subscription,50,08-Feb-24,Perpetual,73610,08-Feb-2024,06-Aug-2024,Yes,No,CT India,Atlassian,829,Online,INV-97444,,,Integration Team,BCKLUYZ0U3B8I2H5,Request ID SR78491,HMT1,UnitedHealth Group,
810,Software,.NET Developer Bundle,NA,CTIN-613027,,Perpetual,500,17-Jul-18,Annual,153635,,,Yes,Yes,CT Mindspace-1,Red Gate,278,Red Gate Software Ltd,INV-19450,,,Integration Team,,Request ID SR57904,HMT2,UnitedHealth Group,Ravikumar Rajendran
811,Software,.NET Developer Bundle,NA,CTIN-571223,FAMS47735,Subscription,500,07-Dec-24,6 Months,179616,07-Dec-2024,07-Dec-2025,No,No,CT Mindspace-1,Red Gate,846,Red Gate Software Ltd,INV-41273,,,PS,,Request ID SR46884,HMT1,Cigna,Shikha Sharma
812,Software,2FA for Jira,Commercial,CTIN-669802,FAMS83099,Subscription,2,22-Oct-19,Perpetual,108404,22-Oct-2019,21-Oct-2020,No,No,CT USA,Atlassian,681,Online,INV-53544,CCNF,,PS,2MYLC7MFG2I3J9VI,,Functions (IT),Athena,
813,Software,Traqplan Timeline,NA,CTIN-542650,FAMS52098,Perpetual,2000,27-Mar-22,Perpetual,459178,,,Yes,Yes,CT India,Traqplan,569,RALCO synergy pvt ltd,INV-93369,CCNF,,,KFIRB9W19VHQOXQO,,HHP,CVS Health,
814,Software,CP Rhapsody IDE,6.4.1,CTIN-632058,FAMS69110,Subscription,25,28-Aug-19,Annual,98159,28-Aug-2019,24-Feb-2020,Yes,No,CT USA,OrionHealth,,Client Provided,,CCNF,,Volume Licensing Site,ZIKDJ27R7G90SX08,Request ID SR89496,HPR,Kaiser Permanente,Aazreen .
815,Software,2FA for Jira,Commercial,CTIN-992419,,Subscription,3,03-Sep-24,Perpetual,91859,03-Sep-2024,02-Mar-2025,No,Yes,CT Mindspace-1,Atlassian,,Online,,CCNF,,Integration Team,,Request ID SR25290,Functions (IT),Devita,
816,Software,.NET Developer Bundle,NA,CTIN-561069,FAMS33480,Subscription,5,21-Jun-23,6 Months,110943,21-Jun-2023,20-Jun-2025,Yes,No,CT USA,Red Gate,191,Red Gate Software Ltd,INV-70033,,,On Portal,VTS9AL3C0H2LLLHB,Request ID SR64300,HHP,GE Healthcare,John O'Day
817,Software,.NET Developer Bundle,NA,CTIN-465213,FAMS23924,Perpetual,2000,08-Jun-20,6 Months,394458,,,Yes,Yes,CT India,Red Gate,,Red Gate Software Ltd,,CCNF,,,GGR0S0D9Q9ZHNUKT,,Functions (IT),Athena,
818,Software,Commvault FEDCB Data Protection,Advance-Foundation NA,CTIN-825340,FAMS96428,Perpetual,2,14-Jan-18,Perpetual,322653,,,Yes,No,CT India,Commvault,984,Pentagon System And Services Pvt. Ltd,,,,,Q8U0IK855VIYY7H9,Request ID SR99351,HLS,Kaiser Permanente,
819,Software,Q-S-VMDR,NA,CTIN-659663,FAMS52213,Perpetual,100,05-Sep-19,6 Months,208451,,,No,No,CT Mindspace-1,Qualys,405,R S Consulting Services,INV-14505,Client Provided,,Integration Team,EKBKE80KA4U1016W,,HMT1,Cigna,Piyush Sharma
820,Software,2FA for Jira,Commercial,CTIN-279165,,Perpetual,25,12-Feb-24,Perpetual,447361,,,Yes,Yes,CT Mindspace-1,Atlassian,,Online,,,,Raosaheb,,Request ID SR17938,Functions (IT),CVS Health,
821,Software,2FA for Jira,Commercial,CTIN-822682,,Perpetual,2,16-Jun-24,Annual,6263,,,Yes,Yes,CT Mindspace-3,Atlassian,946,Online,INV-41253,,,PS,A1B5VL0UPEIKZ0MO,,HMT1,Cambia,Aprajeeta Anumeh
822,Software,Traqplan Timeline,NA,CTIN-365776,,Subscription,25,25-Jan-18,Annual,382976,25-Jan-2018,25-Jan-2020,Yes,No,CT India,Traqplan,876,RALCO synergy pvt ltd,INV-64765,,,Integration Team,HGT4M8KGNLNJOQPR,Request ID SR12608,Functions (IT),Devita,Rahul Gupta
823,Software,.NET Developer Bundle,NA,CTIN-924743,FAMS92950,Perpetual,25,29-May-23,Annual,142392,,,Yes,No,CT Mindspace-3,Red Gate,114,Red Gate Software Ltd,,CCNF,,On Portal,2VSEB1K3JZE2C38K,,HMT1,Cigna,Durga Prasanth Vanapalli
824,Software,Traqplan Timeline,NA,CTIN-220614,FAMS48870,Perpetual,1,11-Jun-22,Annual,136272,,,No,Yes,CT India,Traqplan,700,RALCO synergy pvt ltd,INV-32327,Client Provided,,Raosaheb,,,HPR,Athena,Naveen Kumar Bayya
825,Software,Traqplan Timeline,NA,Client Provided,,Subscription,50,07-Dec-25,6 Months,59311,07-Dec-2025,07-Dec-2027,Yes,Yes,CT USA,Traqplan,1008,RALCO synergy pvt ltd,,CCNF,,Integration Team,,Request ID SR80774,HMT2,GE Healthcare,Abhijit Jagtap
826,Software,2FA for Jira,Commercial,CTIN-584723,FAMS66025,Perpetual,3,26-Oct-22,6 Months,496339,,,No,Yes,CT Mindspace-3,Atlassian,,Online,,Client Provided,,Volume Licensing Site,EPN6CZXJUYFPTK0B,,HMT2,Humana,Showkat Ahmad
827,Software,.NET Developer Bundle,NA,CTIN-389178,FAMS81425,Subscription,1,22-Aug-25,Annual,318341,22-Aug-2025,22-Aug-2027,Yes,Yes,CT India,Red Gate,14,Red Gate Software Ltd,,,,On Portal,,,HLS,GE Healthcare,
828,Software,Commvault FEDCB Data Protection,Advance-Foundation NA,CTIN-503526,FAMS60028,Subscription,3,17-Aug-25,Annual,237408,17-Aug-2025,17-Aug-2027,Yes,Yes,CT India,Commvault,303,Pentagon System And Services Pvt. Ltd,INV-57088,Client Provided,,Volume Licensing Site,PBTO7U1QOWAG7WPR,Request ID SR49831,HPR,GE Healthcare,Siddharth Nagnath Bhurke
829,Software,Commvault FEDCB Data Protection,Advance-Foundation NA,CTIN-702568,FAMS99711,Perpetual,10,05-Mar-26,6 Months,338562,,,No,No,CT India,Commvault,1394,Pentagon System And Services Pvt. Ltd,,CCNF,,,J94YEC60QNHLQJ5F,,HPR,GE Healthcare,Rishabh Rajesh Dabhade
830,Software,Q-S-VMDR,NA,Client Provided,FAMS79160,Perpetual,10,18-Aug-21,Perpetual,441924,,,Yes,Yes,CT USA,Qualys,141,R S Consulting Services,,,,Integration Team,CJW9SYWS1JOWVGUH,Request ID SR57372,Functions (IT),Devita,Teja Bheem Reddy
831,Software,Commvault FEDCB Data Protection,Advance-Foundation NA,CTIN-482824,FAMS24044,Subscription,500,16-Oct-24,Perpetual,290257,16-Oct-2024,16-Oct-2025,Yes,Yes,CT Powai,Commvault,709,Pentagon System And Services Pvt. Ltd,,,,On Portal,0DO97MDS7JT56T7W,,HMT1,Elevance Health,
832,Software,Traqplan Timeline,NA,Client Provided,FAMS26823,Perpetual,25,20-Feb-20,Perpetual,123279,,,Yes,No,CT Powai,Traqplan,1499,RALCO synergy pvt ltd,,CCNF,,Volume Licensing Site,3NWQ590YIU5BSVQ6,Request ID SR78665,HMT1,Kaiser Permanente,
833,Software,Commvault FEDCB Data Protection,Advance-Foundation NA,CTIN-429319,FAMS16006,Subscription,500,28-May-22,Perpetual,373678,28-May-2022,28-May-2023,Yes,Yes,CT India,Commvault,184,Pentagon System And Services Pvt. Ltd,,CCNF,,Raosaheb,LW5F72GY9HVTSGH4,Request ID SR80796,HMT1,Humana,Aswini Kurapati
834,Software,CP Rhapsody IDE,6.4.1,CTIN-898058,,Perpetual,5,05-Jun-22,Perpetual,395787,,,Yes,Yes,CT Powai,OrionHealth,144,Client Provided,,,,Integration Team,,,HMT2,UnitedHealth Group,
835,Software,CP Rhapsody IDE,6.4.1,Client Provided,,Perpetual,500,28-Mar-22,6 Months,125128,,,No,Yes,CT Mindspace-1,OrionHealth,918,Client Provided,,,,Raosaheb,,Request ID SR20705,Functions (IT),Devita,
836,Software,Commvault FEDCB Data Protection,Advance-Foundation NA,CTIN-634536,FAMS52957,Perpetual,1,28-Nov-19,Annual,14602,,,Yes,No,CT India,Commvault,471,Pentagon System And Services Pvt. Ltd,,,,On Portal,,,HPR,CVS Health,
837,Software,Q-S-VMDR,NA,CTIN-768652,,Subscription,2000,27-Feb-18,Annual,356014,27-Feb-2018,27-Feb-2019,Yes,Yes,CT Mindspace-3,Qualys,62,R S Consulting Services,,CCNF,,Volume Licensing Site,,Request ID SR49577,Functions (IT),Devita,Shubham S Sonulkar
838,Software,Traqplan Timeline,NA,CTIN-953051,FAMS84959,Perpetual,2000,17-Jun-21,6 Months,69875,,,No,No,CT Powai,Traqplan,613,RALCO synergy pvt ltd,,,,On Portal,,Request ID SR25018,Functions (IT),Cambia,Mangesh Naik
839,Software,Director Suite,Premium 6,CTIN-655985,,Perpetual,50,17-Sep-24,Perpetual,29738,,,No,No,CT Mindspace-3,Cyberlink,261,Online,INV-55849,CCNF,,On Portal,ZNBXQMU3OOGEYES4,Request ID SR58596,HMT1,UnitedHealth Group,Suchita Jadhav
840,Software,.NET Developer Bundle,NA,CTIN-193357,,Perpetual,2000,15-Aug-23,6 Months,132674,,,No,Yes,CT Mindspace-1,Red Gate,222,Red Gate Software Ltd,INV-78437,,,Raosaheb,TVMQDFJWF6K1T7F9,Request ID SR30569,HHP,Athena,Nisha Gupta
841,Software,CP Rhapsody IDE,6.4.1,CTIN-107309,,Subscription,500,03-Oct-21,Perpetual,258902,03-Oct-2021,03-Oct-2022,No,No,CT Mindspace-1,OrionHealth,0,Client Provided,,,,,AYLMQTUCV3S1BSG6,,Functions (IT),Cambia,
842,Software,2FA for Jira,Commercial,CTIN-408977,,Subscription,2,29-Apr-25,Annual,355910,29-Apr-2025,29-Apr-2027,Yes,No,CT Mindspace-3,Atlassian,666,Online,,CCNF,,Volume Licensing Site,Z6KPCPJKPDB4JCZM,,HMT1,GE Healthcare,Meeniga Pranavi
843,Software,7 Edit,Professional 2,CTIN-758764,,Perpetual,3,21-Nov-19,6 Months,293148,,,No,No,CT USA,HL7,,Embee Software Pvt Ltd,,Client Provided,,On Portal,,Request ID SR70064,HMT2,Devita,Sarah Dickinson
844,Software,Director Suite,Premium 6,CTIN-744147,,Subscription,2,30-Sep-25,Annual,51586,30-Sep-2025,30-Sep-2026,Yes,Yes,CT Powai,Cyberlink,1309,Online,INV-38501,,,Integration Team,BGFX4G6SADEE0PT7,Request ID SR85097,HLS,Athena,
845,Software,CP Rhapsody IDE,6.4.1,Client Provided,,Perpetual,5,08-Jul-20,6 Months,149563,,,Yes,No,CT India,OrionHealth,1355,Client Provided,,,,,OYAQSY7A1BY0UUS4,Request ID SR90483,HHP,UnitedHealth Group,Mahesh Kagitha
846,Software,2FA for Jira,Commercial,CTIN-776407,FAMS32362,Subscription,25,08-Mar-23,Annual,89454,08-Mar-2023,04-Sep-2023,Yes,No,CT Mindspace-3,Atlassian,553,Online,,CCNF,,Integration Team,CCHGUOAR0GZQQP5Y,Request ID SR88641,Functions (IT),Athena,Vineeth Chowdary Tripuraneni
847,Software,Commvault FEDCB Data Protection,Advance-Foundation NA,CTIN-780340,FAMS68903,Subscription,5,07-Dec-19,Annual,61075,07-Dec-2019,04-Jun-2020,No,Yes,CT USA,Commvault,1165,Pentagon System And Services Pvt. Ltd,,,,,7LKKF5QUWP9BJL7R,,HPR,Devita,
848,Software,.NET Developer Bundle,NA,CTIN-366792,,Subscription,25,17-Apr-24,Perpetual,471981,17-Apr-2024,17-Apr-2026,Yes,Yes,CT Mindspace-3,Red Gate,387,Red Gate Software Ltd,,,,Volume Licensing Site,RZFTDWPHSAAHMSSH,Request ID SR41318,HHP,GE Healthcare,
849,Software,2FA for Jira,Commercial,CTIN-805842,,Perpetual,5,26-Jul-22,Perpetual,493798,,,No,No,CT USA,Atlassian,172,Online,,CCNF,,Integration Team,GTBW77I94LDYXN0Q,,HMT2,Kaiser Permanente,Shubham Roy
850,Software,Commvault FEDCB Data Protection,Advance-Foundation NA,CTIN-125224,FAMS98047,Subscription,2,26-May-21,Perpetual,307188,26-May-2021,26-May-2022,No,No,CT Mindspace-3,Commvault,,Pentagon System And Services Pvt. Ltd,INV-75814,,,On Portal,Z8LGAARRS5VN8409,,Functions (IT),Devita,Srinivas Geddada
851,Software,CP Rhapsody IDE,6.4.1,CTIN-769676,FAMS12484,Subscription,500,29-Mar-25,6 Months,173702,29-Mar-2025,29-Mar-2026,No,No,CT India,OrionHealth,622,Client Provided,INV-61829,CCNF,,,A8V0MBLUXZOGO06Z,Request ID SR68714,HPR,Elevance Health,Akhil Kumar Palde
852,Software,.NET Developer Bundle,NA,CTIN-308147,,Subscription,3,30-Sep-20,6 Months,212379,30-Sep-2020,30-Sep-2022,Yes,No,CT Powai,Red Gate,,Red Gate Software Ltd,INV-22005,,,Raosaheb,D8ETMFRSDCM65DU3,Request ID SR99004,HMT1,Humana,Carrie J Keller
853,Software,.NET Developer Bundle,NA,Client Provided,FAMS67333,Subscription,100,21-Oct-24,Annual,5948,21-Oct-2024,21-Oct-2025,No,No,CT India,Red Gate,124,Red Gate Software Ltd,,,,Integration Team,V4CRLM005OSWEW0Y,,HLS,GE Healthcare,Aazreen .
854,Software,7 Edit,Professional 2,CTIN-844319,FAMS81036,Subscription,1,30-Aug-25,6 Months,189523,30-Aug-2025,30-Aug-2027,No,Yes,CT India,HL7,,Embee Software Pvt Ltd,,,,PS,,Request ID SR77871,HMT2,Cigna,Shashank Pasula
855,Software,Traqplan Timeline,NA,CTIN-386667,,Subscription,2000,09-May-25,Perpetual,457687,09-May-2025,09-May-2027,No,No,CT Mindspace-3,Traqplan,123,RALCO synergy pvt ltd,,CCNF,,Integration Team,,,HMT1,Cambia,Radhika Annamneni
856,Software,.NET Developer Bundle,NA,CTIN-523566,,Subscription,10,06-May-25,Annual,319284,06-May-2025,06-May-2027,No,No,CT USA,Red Gate,1040,Red Gate Software Ltd,,,,On Portal,HYT8JFCL1KQ29M89,Request ID SR73440,HLS,Elevance Health,Navyanth Kumar Bhupathi
857,Software,CP Rhapsody IDE,6.4.1,Client Provided,,Perpetual,25,07-Mar-23,Annual,151139,,,Yes,No,CT Mindspace-3,OrionHealth,248,Client Provided,,,,Raosaheb,HFXDAX2BYTRYLE7E,Request ID SR84773,Functions (IT),Humana,Sai Charan Kumar Adaveni
858,Software,.NET Developer Bundle,NA,CTIN-754548,,Subscription,10,07-Mar-22,Annual,379732,07-Mar-2022,03-Sep-2022,No,Yes,CT Mindspace-1,Red Gate,,Red Gate Software Ltd,,,,Integration Team,I146B9MTVV1K39GF,Request ID SR88472,HMT1,Elevance Health,Sarah Dickinson
859,Software,Q-S-VMDR,NA,CTIN-406324,FAMS38849,Perpetual,100,22-Jul-24,Annual,95159,,,No,Yes,CT USA,Qualys,863,R S Consulting Services,,Client Provided,,Volume Licensing Site,,Request ID SR22755,Functions (IT),Cigna,Kuran Nayee
860,Software,2FA for Jira,Commercial,Client Provided,FAMS49513,Perpetual,50,10-Nov-21,Perpetual,229368,,,Yes,Yes,CT Mindspace-3,Atlassian,1149,Online,INV-89302,CCNF,,Integration Team,,Request ID SR65610,HMT1,Athena,
861,Software,Q-S-VMDR,NA,CTIN-499035,FAMS32554,Perpetual,25,01-Jan-20,Annual,287359,,,Yes,No,CT India,Qualys,1255,R S Consulting Services,,,,Integration Team,VU9HQL7JZ1TE3KJF,Request ID SR59666,HMT1,Devita,Parag Radhakrishna Kelji
862,Software,7 Edit,Professional 2,CTIN-801335,,Subscription,2,05-Feb-20,Perpetual,10048,05-Feb-2020,04-Feb-2022,Yes,Yes,CT USA,HL7,633,Embee Software Pvt Ltd,INV-48083,Client Provided,,PS,E0ZOZIO2XRHTPZLL,Request ID SR20355,HLS,GE Healthcare,Michael Vaughn
863,Software,Commvault FEDCB Data Protection,Advance-Foundation NA,CTIN-653540,FAMS20791,Perpetual,500,03-Apr-24,Perpetual,384023,,,No,Yes,CT Mindspace-1,Commvault,,Pentagon System And Services Pvt. Ltd,,,,Integration Team,,,HMT1,Elevance Health,Praveen Kanoor
864,Software,Q-S-VMDR,NA,CTIN-526589,,Perpetual,50,12-Mar-24,Annual,498081,,,Yes,No,CT Powai,Qualys,284,R S Consulting Services,,CCNF,,Volume Licensing Site,VRQSFIRZJ3PG6NYZ,,HPR,Cambia,Sudalai  Pitchai
865,Software,Commvault FEDCB Data Protection,Advance-Foundation NA,CTIN-893047,FAMS87611,Perpetual,3,02-May-24,Perpetual,328196,,,No,No,CT Powai,Commvault,,Pentagon System And Services Pvt. Ltd,,CCNF,,PS,,Request ID SR34104,HMT1,UnitedHealth Group,Vishnu Mishra
866,Software,Q-S-VMDR,NA,CTIN-670136,FAMS53167,Perpetual,500,26-Mar-21,Annual,193977,,,Yes,No,CT Mindspace-1,Qualys,1047,R S Consulting Services,,,,Integration Team,,Request ID SR26477,HMT1,Devita,Meeniga Pranavi
867,Software,7 Edit,Professional 2,CTIN-802551,FAMS50899,Perpetual,2000,14-Oct-20,Annual,340535,,,Yes,Yes,CT India,HL7,165,Embee Software Pvt Ltd,,,,,,Request ID SR24465,HMT1,Cambia,
868,Software,Traqplan Timeline,NA,CTIN-607858,FAMS30692,Subscription,500,18-Nov-18,Perpetual,276457,18-Nov-2018,17-Nov-2020,No,No,CT USA,Traqplan,1485,RALCO synergy pvt ltd,,,,Integration Team,4TAKUYE8BVNTQ17E,Request ID SR43870,HHP,Devita,
869,Software,Commvault FEDCB Data Protection,Advance-Foundation NA,CTIN-827596,,Subscription,5,06-Apr-23,6 Months,166544,06-Apr-2023,05-Apr-2024,No,Yes,CT India,Commvault,,Pentagon System And Services Pvt. Ltd,INV-40812,CCNF,,Integration Team,27OHZCU5EKJDMQQE,,Functions (IT),CVS Health,Ashutosh Vishwakarma
870,Software,Commvault FEDCB Data Protection,Advance-Foundation NA,Client Provided,FAMS91178,Subscription,5,19-Mar-25,Perpetual,357234,19-Mar-2025,19-Mar-2027,Yes,No,CT Mindspace-1,Commvault,648,Pentagon System And Services Pvt. Ltd,INV-94015,,,On Portal,EZ0T6001ZNV9S8L4,,HMT1,Kaiser Permanente,Gaurav Sarma
871,Software,CP Rhapsody IDE,6.4.1,CTIN-374354,FAMS82016,Perpetual,10,29-Dec-24,Perpetual,330624,,,Yes,Yes,CT Powai,OrionHealth,,Client Provided,,,,Integration Team,IM3REWOBMGV4M0YV,Request ID SR40843,HHP,Kaiser Permanente,
872,Software,CP Rhapsody IDE,6.4.1,CTIN-472156,FAMS28342,Perpetual,3,12-Feb-23,Perpetual,461979,,,No,Yes,CT USA,OrionHealth,752,Client Provided,,Client Provided,,PS,,Request ID SR63332,HHP,GE Healthcare,
873,Software,Q-S-VMDR,NA,CTIN-816273,FAMS72538,Subscription,5,29-Jan-25,Perpetual,424841,29-Jan-2025,28-Jul-2025,Yes,Yes,CT USA,Qualys,670,R S Consulting Services,,Client Provided,,Integration Team,0HIQ236PSNPB93IU,Request ID SR62870,Functions (IT),Cigna,
874,Software,Director Suite,Premium 6,CTIN-914150,,Subscription,500,06-Oct-23,Annual,312147,06-Oct-2023,05-Oct-2024,No,Yes,CT Mindspace-3,Cyberlink,1368,Online,,,,On Portal,,,HPR,Cigna,
875,Software,Commvault FEDCB Data Protection,Advance-Foundation NA,CTIN-668547,FAMS70992,Subscription,500,17-Sep-25,6 Months,443130,17-Sep-2025,17-Sep-2027,Yes,Yes,CT Mindspace-1,Commvault,2,Pentagon System And Services Pvt. Ltd,INV-59141,,,Raosaheb,Z8DL8M8H0BDQX5VR,Request ID SR63447,HMT1,GE Healthcare,Siva Reddy Vundela
876,Software,2FA for Jira,Commercial,CTIN-773890,FAMS54945,Perpetual,50,20-Feb-23,6 Months,7042,,,No,Yes,CT India,Atlassian,315,Online,INV-56570,,,Volume Licensing Site,2C40Z25CHEGDIS99,Request ID SR73790,HMT1,Humana,Praveen Kanoor
877,Software,Director Suite,Premium 6,CTIN-293770,,Subscription,500,18-Jun-19,Annual,50723,18-Jun-2019,17-Jun-2020,Yes,Yes,CT India,Cyberlink,1320,Online,,,,On Portal,841RMRQWOTMKZ8UR,Request ID SR49326,HMT2,Cigna,Vishal Ramgiri
878,Software,7 Edit,Professional 2,Client Provided,FAMS72253,Subscription,1,26-Jun-18,Perpetual,100900,26-Jun-2018,25-Jun-2020,Yes,No,CT Mindspace-3,HL7,97,Embee Software Pvt Ltd,,,,On Portal,8QAV0C2FGWFJ9ZGV,,HMT2,Kaiser Permanente,
879,Software,CP Rhapsody IDE,6.4.1,CTIN-260443,FAMS77355,Perpetual,5,04-Nov-25,6 Months,35161,,,No,No,CT Powai,OrionHealth,376,Client Provided,,CCNF,,Raosaheb,UBPRGZKLDLCTXEH6,Request ID SR38713,HMT1,CVS Health,Hemant Patel
880,Software,7 Edit,Professional 2,CTIN-921700,FAMS78675,Subscription,25,02-Feb-18,Perpetual,111968,02-Feb-2018,01-Aug-2018,No,No,CT Mindspace-1,HL7,1258,Embee Software Pvt Ltd,,Client Provided,,Integration Team,MRVP6YFTPIR5RM3G,Request ID SR26719,HMT1,GE Healthcare,Ravi Kumar  Gadwal
881,Software,2FA for Jira,Commercial,CTIN-541128,FAMS67743,Subscription,500,18-Jul-21,Perpetual,312600,18-Jul-2021,18-Jul-2022,Yes,Yes,CT USA,Atlassian,655,Online,,,,PS,,,HLS,CVS Health,Srikari Penumaka
882,Software,Commvault FEDCB Data Protection,Advance-Foundation NA,CTIN-419779,FAMS35189,Subscription,2,02-Sep-19,6 Months,192688,02-Sep-2019,01-Sep-2021,Yes,Yes,CT Powai,Commvault,348,Pentagon System And Services Pvt. Ltd,,,,Integration Team,,Request ID SR47300,HPR,CVS Health,
883,Software,Traqplan Timeline,NA,CTIN-941542,FAMS92371,Subscription,2000,25-Nov-19,6 Months,135081,25-Nov-2019,24-Nov-2021,Yes,No,CT Mindspace-3,Traqplan,234,RALCO synergy pvt ltd,,Client Provided,,PS,O9DMHUMCEOCA1BD8,Request ID SR43224,Functions (IT),Devita,Rohan Shellay
884,Software,7 Edit,Professional 2,CTIN-912239,FAMS69496,Subscription,500,20-Aug-21,Annual,173371,20-Aug-2021,20-Aug-2022,No,Yes,CT Mindspace-1,HL7,1290,Embee Software Pvt Ltd,,,,,,Request ID SR75663,HHP,Devita,
885,Software,.NET Developer Bundle,NA,CTIN-136361,FAMS24274,Perpetual,2,08-Aug-21,Annual,378044,,,No,No,CT Mindspace-3,Red Gate,277,Red Gate Software Ltd,INV-29258,Client Provided,,Raosaheb,DSKEJROX5SY1E88F,Request ID SR88973,HLS,Cambia,
886,Software,.NET Developer Bundle,NA,CTIN-908737,FAMS33449,Perpetual,2,20-Sep-23,6 Months,121698,,,Yes,No,CT Powai,Red Gate,369,Red Gate Software Ltd,INV-49680,,,Raosaheb,Z46X7G3HAXZG0EKZ,,Functions (IT),UnitedHealth Group,Divya G
887,Software,Commvault FEDCB Data Protection,Advance-Foundation NA,CTIN-745583,FAMS97776,Perpetual,2,08-Aug-20,Perpetual,234931,,,Yes,No,CT Powai,Commvault,62,Pentagon System And Services Pvt. Ltd,,,,Volume Licensing Site,KXXNVYT42MDPC1H5,Request ID SR96894,HHP,CVS Health,Satya Sindhu Yellagandula
888,Software,Traqplan Timeline,NA,CTIN-510157,FAMS69701,Perpetual,25,27-May-24,6 Months,329144,,,Yes,No,CT USA,Traqplan,,RALCO synergy pvt ltd,,Client Provided,,On Portal,XRJ35CMY6185YA5Z,Request ID SR40086,HPR,GE Healthcare,
889,Software,7 Edit,Professional 2,CTIN-169163,FAMS89612,Perpetual,1,11-Feb-24,Perpetual,47893,,,No,No,CT Powai,HL7,453,Embee Software Pvt Ltd,,,,PS,TGUJV2GQD8EEAO4E,,HLS,Elevance Health,Yuvraj Verma
890,Software,.NET Developer Bundle,NA,Client Provided,FAMS87381,Perpetual,2000,23-Jul-23,Perpetual,155008,,,No,No,CT Mindspace-1,Red Gate,132,Red Gate Software Ltd,INV-95092,Client Provided,,On Portal,M8O1SLGD0L3N8Y8P,Request ID SR13860,HMT2,CVS Health,
891,Software,2FA for Jira,Commercial,Client Provided,FAMS10544,Subscription,3,09-Jul-21,Perpetual,191115,09-Jul-2021,09-Jul-2023,Yes,No,CT Mindspace-1,Atlassian,766,Online,INV-98326,CCNF,,PS,8I58ZBCQTXJYD5I7,,Functions (IT),Humana,Deepankar Mishra
892,Software,Traqplan Timeline,NA,CTIN-585582,FAMS78104,Perpetual,3,23-Jun-25,Perpetual,187143,,,No,Yes,CT Mindspace-1,Traqplan,,RALCO synergy pvt ltd,INV-43023,,,On Portal,,,HLS,Cigna,Trivikram Kota
893,Software,Commvault FEDCB Data Protection,Advance-Foundation NA,CTIN-266862,FAMS37327,Perpetual,2,20-Dec-21,Annual,313776,,,No,Yes,CT India,Commvault,446,Pentagon System And Services Pvt. Ltd,INV-82086,,,Raosaheb,3NOC5GJIHWZTPC9D,,HPR,Humana,
894,Software,2FA for Jira,Commercial,CTIN-209324,FAMS73422,Perpetual,500,01-Jan-22,6 Months,317111,,,No,Yes,CT India,Atlassian,284,Online,INV-86033,,,Volume Licensing Site,X15ID29PJ0OAD9EQ,,HMT1,Devita,
895,Software,Q-S-VMDR,NA,CTIN-683120,FAMS79460,Perpetual,10,03-Aug-22,6 Months,331358,,,No,Yes,CT Mindspace-3,Qualys,,R S Consulting Services,,CCNF,,Raosaheb,V0OF0WMMUM5BM8AK,,HLS,Cigna,Rohan Shellay
896,Software,CP Rhapsody IDE,6.4.1,CTIN-943806,,Subscription,10,18-Oct-18,6 Months,43941,18-Oct-2018,18-Oct-2019,No,Yes,CT Powai,OrionHealth,,Client Provided,,Client Provided,,Raosaheb,Y95XBTHI16VB37ED,,HHP,GE Healthcare,
897,Software,7 Edit,Professional 2,CTIN-412776,FAMS95882,Subscription,10,29-Jan-24,Annual,322813,29-Jan-2024,27-Jul-2024,No,No,CT USA,HL7,704,Embee Software Pvt Ltd,,,,Volume Licensing Site,ON1PZVEOP7RYVROS,Request ID SR24403,HMT1,Kaiser Permanente,Vivekvardhan Reddy Enreddy
898,Software,Traqplan Timeline,NA,CTIN-400619,FAMS12956,Subscription,50,19-Jan-23,Annual,193659,19-Jan-2023,19-Jan-2024,Yes,Yes,CT USA,Traqplan,780,RALCO synergy pvt ltd,,,,On Portal,,Request ID SR49067,HLS,Devita,Thulasi Maddiboyina
899,Software,Traqplan Timeline,NA,CTIN-490267,FAMS97437,Subscription,25,01-Nov-23,Perpetual,329862,01-Nov-2023,29-Apr-2024,Yes,Yes,CT Powai,Traqplan,310,RALCO synergy pvt ltd,,CCNF,,Raosaheb,,,HLS,Kaiser Permanente,
900,Software,Traqplan Timeline,NA,Client Provided,,Perpetual,5,18-Mar-24,Annual,287723,,,No,Yes,CT Mindspace-1,Traqplan,520,RALCO synergy pvt ltd,INV-69021,Client Provided,,PS,EFZY5FCFVBBWX8BM,Request ID SR23379,HHP,Cambia,Srikari Penumaka
901,Software,2FA for Jira,Commercial,CTIN-478151,FAMS54734,Subscription,10,28-Mar-23,Annual,42172,28-Mar-2023,27-Mar-2025,No,Yes,CT Powai,Atlassian,1188,Online,,,,Raosaheb,,Request ID SR50088,Functions (IT),GE Healthcare,Rajini Ganesh
902,Software,.NET Developer Bundle,NA,CTIN-634358,FAMS37567,Perpetual,2000,23-Aug-24,Annual,339544,,,No,Yes,CT Mindspace-1,Red Gate,800,Red Gate Software Ltd,,CCNF,,,YAXDIBL3XW8DLM1V,Request ID SR84261,HMT1,Athena,Suresh Muppala
903,Software,2FA for Jira,Commercial,CTIN-326585,FAMS25885,Subscription,2,03-Nov-22,Annual,215345,03-Nov-2022,02-Nov-2024,No,No,CT Mindspace-1,Atlassian,,Online,INV-88152,CCNF,,PS,8KT1EPYFNNQG7O9Q,Request ID SR19758,HMT1,Athena,
904,Software,Q-S-VMDR,NA,Client Provided,,Perpetual,10,25-Oct-22,6 Months,2348,,,Yes,No,CT India,Qualys,193,R S Consulting Services,,,,Raosaheb,HLU705Q9Y2QRY9Y8,,HLS,CVS Health,
905,Software,Q-S-VMDR,NA,CTIN-493619,FAMS67223,Subscription,1,26-Nov-23,6 Months,255087,26-Nov-2023,25-Nov-2025,No,No,CT USA,Qualys,,R S Consulting Services,,CCNF,,Volume Licensing Site,,,HPR,Elevance Health,
906,Software,CP Rhapsody IDE,6.4.1,CTIN-194728,,Perpetual,500,14-Feb-20,Annual,408903,,,Yes,Yes,CT USA,OrionHealth,834,Client Provided,,,,,FQKIA4GTY21PGG4D,Request ID SR21231,HHP,GE Healthcare,
907,Software,Director Suite,Premium 6,Client Provided,FAMS62117,Perpetual,5,30-Mar-23,6 Months,136839,,,Yes,Yes,CT USA,Cyberlink,,Online,,Client Provided,,Raosaheb,AJLUXM2CMSO41BM0,Request ID SR81013,Functions (IT),Elevance Health,
908,Software,Q-S-VMDR,NA,CTIN-979486,,Subscription,25,06-Jul-22,6 Months,404953,06-Jul-2022,02-Jan-2023,No,No,CT Mindspace-3,Qualys,1225,R S Consulting Services,,Client Provided,,Volume Licensing Site,BXJB93GOJDXDUL6M,,HMT2,Athena,
909,Software,Traqplan Timeline,NA,CTIN-665897,FAMS39694,Subscription,2,20-Sep-23,Annual,38887,20-Sep-2023,19-Sep-2025,Yes,No,CT India,Traqplan,1175,RALCO synergy pvt ltd,,CCNF,,Volume Licensing Site,9PYV32L2H2FJ0A9W,,HMT2,UnitedHealth Group,
910,Software,7 Edit,Professional 2,CTIN-200881,,Perpetual,2,08-Sep-19,Perpetual,194733,,,Yes,No,CT Powai,HL7,245,Embee Software Pvt Ltd,,CCNF,,Raosaheb,X2KZ8V2R2JV4JVPL,Request ID SR57248,HMT2,CVS Health,Gopi Krishna Peedi
911,Software,7 Edit,Professional 2,CTIN-921601,FAMS10885,Perpetual,25,19-Dec-25,Annual,481228,,,No,No,CT USA,HL7,,Embee Software Pvt Ltd,,,,On Portal,8V0O3WH2W5HIOEH5,Request ID SR10462,HMT2,UnitedHealth Group,
912,Software,Commvault FEDCB Data Protection,Advance-Foundation NA,CTIN-585786,FAMS14156,Subscription,5,28-Dec-20,Annual,324767,28-Dec-2020,28-Dec-2021,No,Yes,CT Powai,Commvault,502,Pentagon System And Services Pvt. Ltd,,CCNF,,Volume Licensing Site,OXRPU3FBD8E5JEWX,Request ID SR90407,HMT2,CVS Health,Karthik P
913,Software,CP Rhapsody IDE,6.4.1,CTIN-550147,FAMS63600,Perpetual,100,05-May-23,Perpetual,455555,,,Yes,Yes,CT USA,OrionHealth,,Client Provided,INV-11149,,,On Portal,R1EONO0DLYB5AN99,,HMT1,Athena,Vikas Tamrakar
914,Software,CP Rhapsody IDE,6.4.1,CTIN-594417,FAMS51866,Subscription,50,15-Aug-22,Perpetual,105841,15-Aug-2022,15-Aug-2023,Yes,Yes,CT Powai,OrionHealth,852,Client Provided,INV-13659,CCNF,,Volume Licensing Site,1VW9T4A775VI2RZQ,,HPR,Kaiser Permanente,Sushant Kumar Singh
915,Software,Commvault FEDCB Data Protection,Advance-Foundation NA,CTIN-637051,FAMS38618,Perpetual,3,08-Jun-19,Annual,61912,,,Yes,No,CT Mindspace-1,Commvault,372,Pentagon System And Services Pvt. Ltd,,,,Integration Team,1ILEYKSE7V3KAQCP,Request ID SR11593,HMT1,UnitedHealth Group,
916,Software,CP Rhapsody IDE,6.4.1,CTIN-815686,,Perpetual,1,23-May-23,6 Months,379603,,,Yes,Yes,CT Mindspace-3,OrionHealth,301,Client Provided,INV-94000,Client Provided,,,,Request ID SR75625,HMT1,GE Healthcare,Navaneetha Macha
917,Software,Q-S-VMDR,NA,CTIN-263693,FAMS33611,Perpetual,25,03-Dec-20,6 Months,173227,,,Yes,No,CT Powai,Qualys,,R S Consulting Services,INV-45265,,,Raosaheb,ZBQT6PFZ1Q5BRXLW,,HHP,CVS Health,
918,Software,Traqplan Timeline,NA,CTIN-861784,FAMS90904,Perpetual,5,16-May-22,6 Months,236298,,,No,No,CT Mindspace-1,Traqplan,729,RALCO synergy pvt ltd,INV-12374,,,PS,CI5IYA1MJJ5TTICY,Request ID SR18087,HPR,GE Healthcare,
919,Software,Traqplan Timeline,NA,CTIN-246360,FAMS61450,Perpetual,1,09-Jun-25,Perpetual,345924,,,Yes,No,CT Powai,Traqplan,1048,RALCO synergy pvt ltd,,,,Volume Licensing Site,,,Functions (IT),UnitedHealth Group,Manisha Kunduru
920,Software,2FA for Jira,Commercial,CTIN-784101,,Perpetual,5,10-Oct-18,6 Months,459915,,,No,No,CT Mindspace-3,Atlassian,1119,Online,INV-33028,Client Provided,,Volume Licensing Site,EVB3RB0LVXGB3VIZ,Request ID SR31890,HHP,Cambia,Prajakta Mahadik
921,Software,Director Suite,Premium 6,CTIN-562892,FAMS75606,Perpetual,2000,17-Jul-19,Perpetual,453097,,,No,No,CT Powai,Cyberlink,753,Online,INV-47218,CCNF,,,,,HHP,Humana,Komal Sunil Tannu
922,Software,Q-S-VMDR,NA,CTIN-106439,,Subscription,500,14-Nov-20,Perpetual,91183,14-Nov-2020,14-Nov-2022,No,No,CT India,Qualys,652,R S Consulting Services,,Client Provided,,PS,,,Functions (IT),UnitedHealth Group,
923,Software,2FA for Jira,Commercial,Client Provided,FAMS84855,Subscription,10,10-Jul-18,Annual,273702,10-Jul-2018,06-Jan-2019,Yes,Yes,CT India,Atlassian,40,Online,INV-80925,CCNF,,,,Request ID SR62890,HHP,Devita,Kajal Sharma
924,Software,CP Rhapsody IDE,6.4.1,CTIN-147932,FAMS40260,Perpetual,25,19-Nov-24,6 Months,290752,,,No,No,CT Mindspace-1,OrionHealth,,Client Provided,INV-65144,,,,JDOCTHCDZG1S6WCP,Request ID SR33417,HLS,UnitedHealth Group,Mukesh Pandey
925,Software,7 Edit,Professional 2,Client Provided,FAMS12017,Subscription,2,30-Mar-22,Annual,103238,30-Mar-2022,30-Mar-2023,Yes,No,CT Mindspace-3,HL7,806,Embee Software Pvt Ltd,,Client Provided,,On Portal,NDZLRYUEKYCMWY11,,HMT1,CVS Health,Brooke Bullimore
926,Software,.NET Developer Bundle,NA,CTIN-347513,,Subscription,10,20-Aug-24,6 Months,72403,20-Aug-2024,16-Feb-2025,Yes,Yes,CT India,Red Gate,634,Red Gate Software Ltd,,CCNF,,Integration Team,9H171JGCAKRPSRCM,Request ID SR87970,HMT1,Humana,
927,Software,.NET Developer Bundle,NA,CTIN-191341,,Perpetual,50,30-Nov-22,Perpetual,217266,,,Yes,Yes,CT Mindspace-1,Red Gate,7,Red Gate Software Ltd,,Client Provided,,Raosaheb,F986ENIB720DK94F,Request ID SR72390,HMT1,Cigna,
928,Software,.NET Developer Bundle,NA,CTIN-386910,,Perpetual,3,23-Oct-24,6 Months,82150,,,No,No,CT USA,Red Gate,622,Red Gate Software Ltd,,,,On Portal,LCDXCRL683D6MW21,Request ID SR28743,HMT2,Kaiser Permanente,Shrikant Kayandekar
929,Software,Traqplan Timeline,NA,CTIN-197445,FAMS30683,Perpetual,100,14-Feb-19,Perpetual,427963,,,Yes,No,CT India,Traqplan,1366,RALCO synergy pvt ltd,,,,,NVXSB9EL52LMB0OC,Request ID SR41905,HLS,Athena,Vinay Bherwani
930,Software,CP Rhapsody IDE,6.4.1,Client Provided,,Subscription,10,18-May-18,6 Months,335600,18-May-2018,14-Nov-2018,No,No,CT USA,OrionHealth,726,Client Provided,INV-10336,Client Provided,,,4CJ71D3TH83BKGOD,Request ID SR14002,HMT1,Cigna,
931,Software,Q-S-VMDR,NA,CTIN-839129,FAMS93799,Perpetual,3,17-Mar-20,Annual,497129,,,No,No,CT Powai,Qualys,206,R S Consulting Services,,CCNF,,,Y5ULI2RI2M2PPGXG,Request ID SR73572,HMT2,CVS Health,
932,Software,Director Suite,Premium 6,CTIN-316219,FAMS74247,Subscription,25,30-Jun-19,Perpetual,474104,30-Jun-2019,29-Jun-2020,No,No,CT Mindspace-1,Cyberlink,46,Online,INV-58242,Client Provided,,Volume Licensing Site,IFHGC7MOVLWNOHQJ,Request ID SR72968,HPR,GE Healthcare,Vanaja Duggirala
933,Software,CP Rhapsody IDE,6.4.1,Client Provided,,Perpetual,100,13-Sep-20,Annual,34597,,,No,No,CT India,OrionHealth,,Client Provided,,,,Volume Licensing Site,CPAB206LEQTBO203,,HMT2,Cambia,
934,Software,Commvault FEDCB Data Protection,Advance-Foundation NA,CTIN-474998,FAMS47326,Subscription,100,29-Apr-24,Annual,332312,29-Apr-2024,26-Oct-2024,No,Yes,CT India,Commvault,1423,Pentagon System And Services Pvt. Ltd,INV-19452,,,PS,8OXJK2LJGSNEPP88,Request ID SR45358,HHP,Humana,
935,Software,.NET Developer Bundle,NA,CTIN-815476,,Subscription,3,11-Feb-22,6 Months,137540,11-Feb-2022,10-Aug-2022,No,No,CT India,Red Gate,1414,Red Gate Software Ltd,,,,,,,HLS,Athena,
936,Software,Q-S-VMDR,NA,CTIN-950896,FAMS27474,Subscription,3,04-Apr-22,Perpetual,280642,04-Apr-2022,04-Apr-2023,No,No,CT Powai,Qualys,,R S Consulting Services,,Client Provided,,PS,KWX6S0N6QTNW6KR8,Request ID SR47792,HLS,Cambia,Teja Bheem Reddy
937,Software,CP Rhapsody IDE,6.4.1,CTIN-297163,,Perpetual,10,28-Aug-23,Annual,71054,,,Yes,Yes,CT Mindspace-1,OrionHealth,1215,Client Provided,,,,On Portal,1OBCQOQ4SQ4KZEK6,,HLS,GE Healthcare,Anusha  Cherukula
938,Software,Director Suite,Premium 6,CTIN-702619,,Perpetual,10,19-Apr-19,Annual,176743,,,No,Yes,CT USA,Cyberlink,884,Online,,,,Volume Licensing Site,JSSI36YMRTYIDBLB,Request ID SR73526,HLS,Devita,Dwadasi Venkata Sastry
939,Software,Commvault FEDCB Data Protection,Advance-Foundation NA,CTIN-557169,,Subscription,1,05-Sep-22,Perpetual,298187,05-Sep-2022,05-Sep-2023,No,No,CT India,Commvault,473,Pentagon System And Services Pvt. Ltd,,,,PS,EL43KYU48RK0Q2R0,Request ID SR95764,HHP,UnitedHealth Group,Nikhil Jawalkar
940,Software,Traqplan Timeline,NA,CTIN-242860,FAMS79780,Perpetual,500,09-Jul-21,Perpetual,48620,,,No,Yes,CT Powai,Traqplan,560,RALCO synergy pvt ltd,INV-20526,,,Raosaheb,CUU2TE3ECPS8BMVM,,HLS,Athena,Gopi Krishna Peedi
941,Software,Q-S-VMDR,NA,CTIN-313454,FAMS28203,Subscription,10,16-Feb-24,Perpetual,448403,16-Feb-2024,15-Feb-2025,Yes,Yes,CT Powai,Qualys,714,R S Consulting Services,INV-51201,,,Integration Team,P8T5PMU1YUWFEP14,,Functions (IT),GE Healthcare,Pawan Lowanshi
942,Software,Director Suite,Premium 6,Client Provided,FAMS19934,Perpetual,25,03-May-21,Annual,330018,,,Yes,No,CT India,Cyberlink,1230,Online,,CCNF,,PS,,Request ID SR75650,HMT1,Athena,Hrishikesh Borkar
943,Software,Q-S-VMDR,NA,Client Provided,FAMS59339,Perpetual,25,02-Feb-26,Perpetual,186316,,,No,Yes,CT Powai,Qualys,216,R S Consulting Services,INV-89625,Client Provided,,Integration Team,UI272G90OU043Z29,Request ID SR47349,HMT2,Kaiser Permanente,Ritu Raghunath Singh Dadhwal
944,Software,Director Suite,Premium 6,CTIN-893731,FAMS78930,Perpetual,25,21-Oct-24,Annual,123420,,,Yes,No,CT India,Cyberlink,962,Online,,,,PS,XDN4CI6LTLFQQ375,Request ID SR42597,HLS,GE Healthcare,Ramana Reddy Maddirala
945,Software,CP Rhapsody IDE,6.4.1,CTIN-143026,FAMS76291,Subscription,500,06-Nov-21,Annual,377876,06-Nov-2021,06-Nov-2023,Yes,Yes,CT Powai,OrionHealth,,Client Provided,,,,On Portal,,Request ID SR77800,Functions (IT),Devita,Dastagiri Nossam
946,Software,Director Suite,Premium 6,CTIN-614973,,Perpetual,50,18-Aug-23,6 Months,190063,,,Yes,No,CT Mindspace-1,Cyberlink,1413,Online,,,,On Portal,GXTMK814TFMSRNA4,,HMT2,UnitedHealth Group,
947,Software,2FA for Jira,Commercial,CTIN-586188,FAMS90711,Subscription,1,13-Aug-19,6 Months,373577,13-Aug-2019,09-Feb-2020,No,No,CT USA,Atlassian,,Online,,,,On Portal,EEJ5WEB39J7U1ZD6,Request ID SR40482,HMT2,Elevance Health,Mani Chandana Madireddy
948,Software,7 Edit,Professional 2,CTIN-735485,,Perpetual,500,23-Sep-25,Perpetual,374614,,,Yes,No,CT Powai,HL7,,Embee Software Pvt Ltd,INV-60452,,,Volume Licensing Site,IPRIDQY30QOA9K7S,Request ID SR97099,HHP,GE Healthcare,Stephen Cannata
949,Software,Director Suite,Premium 6,CTIN-723600,FAMS23331,Subscription,5,27-Apr-24,Annual,440617,27-Apr-2024,27-Apr-2026,Yes,No,CT India,Cyberlink,550,Online,,,,Raosaheb,HVK8O409B4I6MY3Y,Request ID SR70274,HPR,Devita,Aswini Kurapati
950,Software,2FA for Jira,Commercial,CTIN-698538,FAMS47065,Subscription,50,11-Apr-25,6 Months,175995,11-Apr-2025,11-Apr-2027,Yes,No,CT Mindspace-1,Atlassian,1224,Online,,,,On Portal,2NOKDW3ADOR8IDNL,Request ID SR18363,HMT2,Humana,
951,Software,Commvault FEDCB Data Protection,Advance-Foundation NA,CTIN-191337,FAMS84206,Subscription,100,21-Nov-23,Perpetual,397326,21-Nov-2023,20-Nov-2025,No,No,CT Powai,Commvault,,Pentagon System And Services Pvt. Ltd,,CCNF,,Raosaheb,XIJ1GLQ8WEJVMJPC,,HMT2,CVS Health,Ravi Kumar  Gadwal
952,Software,Commvault FEDCB Data Protection,Advance-Foundation NA,Client Provided,,Perpetual,2,14-May-19,Annual,279291,,,Yes,No,CT Powai,Commvault,,Pentagon System And Services Pvt. Ltd,,,,PS,W7PV0GM4T3PKE404,,HMT2,Athena,Katherine Fetter
953,Software,2FA for Jira,Commercial,CTIN-445950,FAMS58526,Subscription,2000,23-Dec-19,6 Months,233595,23-Dec-2019,22-Dec-2020,Yes,Yes,CT India,Atlassian,622,Online,INV-51614,CCNF,,Raosaheb,5LGH6P2WM7S1CWWY,Request ID SR56972,Functions (IT),Kaiser Permanente,Durga Rao Namana
954,Software,Q-S-VMDR,NA,CTIN-344091,FAMS65418,Subscription,500,23-Sep-24,6 Months,164863,23-Sep-2024,22-Mar-2025,Yes,Yes,CT Mindspace-1,Qualys,267,R S Consulting Services,,,,PS,R632XEQJ6MU4Q2BQ,,HHP,Devita,
955,Software,Q-S-VMDR,NA,CTIN-504231,FAMS13742,Perpetual,1,05-Sep-19,Perpetual,292424,,,Yes,No,CT USA,Qualys,709,R S Consulting Services,,,,Integration Team,O86AW8CNZXHEL4GT,Request ID SR19083,HMT1,CVS Health,Manisha Kunduru
956,Software,2FA for Jira,Commercial,CTIN-946491,,Perpetual,1,05-Dec-18,6 Months,320551,,,No,No,CT Mindspace-3,Atlassian,110,Online,,,,Raosaheb,PS63VH3VGN84VBVQ,Request ID SR98674,Functions (IT),Athena,Jernisha Jerome
957,Software,Traqplan Timeline,NA,CTIN-606772,FAMS84502,Subscription,2,15-Jul-24,6 Months,252316,15-Jul-2024,15-Jul-2025,Yes,Yes,CT Mindspace-1,Traqplan,1045,RALCO synergy pvt ltd,,Client Provided,,Raosaheb,H7Q0E0UKEEZOMIIJ,Request ID SR73880,Functions (IT),Humana,Michael Benedetto
958,Software,2FA for Jira,Commercial,CTIN-232862,FAMS14368,Perpetual,50,19-Apr-25,6 Months,91836,,,No,Yes,CT Powai,Atlassian,1289,Online,INV-27199,CCNF,,Integration Team,OEM4YRJZ3R97WPUJ,Request ID SR48835,HMT1,UnitedHealth Group,
959,Software,Commvault FEDCB Data Protection,Advance-Foundation NA,CTIN-913181,,Perpetual,3,30-Nov-22,6 Months,78018,,,Yes,No,CT India,Commvault,241,Pentagon System And Services Pvt. Ltd,INV-95440,Client Provided,,PS,,,Functions (IT),Elevance Health,Nashra Hashim
960,Software,Commvault FEDCB Data Protection,Advance-Foundation NA,CTIN-353060,,Perpetual,1,09-Feb-23,Annual,24754,,,Yes,No,CT USA,Commvault,878,Pentagon System And Services Pvt. Ltd,INV-12920,CCNF,,Volume Licensing Site,1HUOUXZHX2CLAVPQ,Request ID SR12277,HMT1,Athena,Deepthi Bodavula
961,Software,CP Rhapsody IDE,6.4.1,CTIN-140689,,Perpetual,25,09-Jun-22,6 Months,177195,,,Yes,Yes,CT USA,OrionHealth,,Client Provided,INV-37868,,,,BVW7TBE4JS09EJRE,,HHP,Kaiser Permanente,Vruushali Raut
962,Software,Commvault FEDCB Data Protection,Advance-Foundation NA,CTIN-508571,FAMS99846,Perpetual,50,04-Aug-20,Perpetual,273336,,,Yes,Yes,CT India,Commvault,1124,Pentagon System And Services Pvt. Ltd,,CCNF,,Volume Licensing Site,,Request ID SR74358,HHP,Cigna,
963,Software,Commvault FEDCB Data Protection,Advance-Foundation NA,CTIN-917351,FAMS22309,Subscription,3,06-Dec-22,Annual,364033,06-Dec-2022,05-Dec-2024,Yes,Yes,CT Mindspace-1,Commvault,745,Pentagon System And Services Pvt. Ltd,INV-46347,,,PS,R0GKZ7GEFSCIS79Y,Request ID SR70098,HMT1,Cambia,
964,Software,2FA for Jira,Commercial,CTIN-801080,FAMS92772,Perpetual,5,26-Dec-21,6 Months,345182,,,No,No,CT Mindspace-1,Atlassian,1246,Online,INV-78061,,,PS,JC33PY106E6LAH2F,Request ID SR72959,HLS,Kaiser Permanente,Shashi Kiran Kommera
965,Software,2FA for Jira,Commercial,CTIN-526872,FAMS31491,Subscription,50,23-Jul-18,Annual,69896,23-Jul-2018,22-Jul-2020,No,No,CT Powai,Atlassian,775,Online,,Client Provided,,Integration Team,LLFSYL4GRXD8H5Y9,Request ID SR98531,HMT2,Devita,Ankit Yadav
966,Software,.NET Developer Bundle,NA,CTIN-827677,FAMS60808,Perpetual,100,06-Dec-25,Annual,414450,,,No,Yes,CT Mindspace-3,Red Gate,,Red Gate Software Ltd,INV-12075,CCNF,,Integration Team,YHPXQ5P465N86EIG,,HPR,Humana,Yamini  Polavarapu
967,Software,Q-S-VMDR,NA,CTIN-320382,FAMS10894,Subscription,10,14-Sep-18,Annual,335167,14-Sep-2018,13-Mar-2019,Yes,No,CT Mindspace-1,Qualys,1153,R S Consulting Services,,,,On Portal,8O68J7H8G11RYQTH,Request ID SR20680,HMT2,Athena,Venkat Sai Jami
968,Software,Traqplan Timeline,NA,CTIN-273169,FAMS80023,Subscription,2,09-Oct-21,Annual,210414,09-Oct-2021,09-Oct-2022,Yes,No,CT Powai,Traqplan,1280,RALCO synergy pvt ltd,,,,Volume Licensing Site,NON7EBV28FIFGZYU,,HHP,Devita,Abhinav Garg
969,Software,CP Rhapsody IDE,6.4.1,CTIN-446195,FAMS13647,Perpetual,500,07-Aug-23,Perpetual,407587,,,No,No,CT Mindspace-1,OrionHealth,1061,Client Provided,INV-47880,Client Provided,,,59RE4MJ9CHIAWQP7,Request ID SR90410,Functions (IT),CVS Health,Trivikram Kota
970,Software,CP Rhapsody IDE,6.4.1,Client Provided,FAMS50643,Subscription,2,25-May-18,Annual,40157,25-May-2018,24-May-2020,No,No,CT USA,OrionHealth,,Client Provided,,,,,MNSI24TJTKZ70WX1,Request ID SR48343,HMT1,Devita,Dastagiri Nossam
971,Software,.NET Developer Bundle,NA,CTIN-876042,,Subscription,500,17-Dec-25,6 Months,235470,17-Dec-2025,17-Dec-2026,Yes,Yes,CT Powai,Red Gate,709,Red Gate Software Ltd,INV-71314,,,PS,V1CANFV739JQMF30,Request ID SR43593,HMT1,Kaiser Permanente,
972,Software,CP Rhapsody IDE,6.4.1,CTIN-692192,FAMS50502,Perpetual,2,11-Mar-22,Perpetual,162875,,,No,Yes,CT Mindspace-1,OrionHealth,968,Client Provided,,,,Integration Team,TEIBV41R8VK7DOK9,Request ID SR23770,HLS,GE Healthcare,
973,Software,Commvault FEDCB Data Protection,Advance-Foundation NA,CTIN-544475,FAMS25209,Perpetual,2,07-Mar-20,Perpetual,350239,,,Yes,Yes,CT USA,Commvault,509,Pentagon System And Services Pvt. Ltd,INV-58778,,,On Portal,RV14BQC1NDIWRY7S,Request ID SR19152,HHP,Cigna,Kumar Saurav
974,Software,Traqplan Timeline,NA,CTIN-735826,FAMS34407,Subscription,2000,20-Oct-21,6 Months,394424,20-Oct-2021,20-Oct-2022,No,Yes,CT Mindspace-3,Traqplan,535,RALCO synergy pvt ltd,INV-78826,CCNF,,Raosaheb,PAD5ZJXICIO6YWXS,Request ID SR35862,HPR,Humana,
975,Software,2FA for Jira,Commercial,CTIN-246140,FAMS65613,Perpetual,3,13-May-24,Perpetual,23520,,,Yes,No,CT Mindspace-3,Atlassian,1146,Online,,,,,LGUYS3W2542Q3SU6,,HLS,Devita,Vinay Bherwani
976,Software,.NET Developer Bundle,NA,Client Provided,FAMS74232,Subscription,25,23-Aug-19,6 Months,50471,23-Aug-2019,22-Aug-2020,No,Yes,CT USA,Red Gate,850,Red Gate Software Ltd,,Client Provided,,Integration Team,CZBTEDPT3AXK61LD,,HPR,Cambia,Vineesh Vinayan
977,Software,Commvault FEDCB Data Protection,Advance-Foundation NA,CTIN-181841,,Perpetual,3,08-Feb-20,Perpetual,381765,,,Yes,Yes,CT Mindspace-1,Commvault,320,Pentagon System And Services Pvt. Ltd,,,,Volume Licensing Site,JUU9ORP8MDUSBQMK,Request ID SR44266,Functions (IT),Cambia,Aparna Dandamudi
978,Software,.NET Developer Bundle,NA,CTIN-666768,FAMS97764,Perpetual,5,14-Jan-23,Perpetual,193840,,,No,Yes,CT Powai,Red Gate,447,Red Gate Software Ltd,INV-49146,,,Volume Licensing Site,4FSKHSTCAPOB0LOW,,HLS,Athena,
979,Software,Director Suite,Premium 6,CTIN-881170,FAMS16373,Perpetual,25,27-Feb-18,6 Months,375874,,,No,Yes,CT India,Cyberlink,771,Online,INV-18289,Client Provided,,On Portal,C5LL34BMY3ZKFNMD,Request ID SR98319,HMT2,Cambia,
980,Software,Commvault FEDCB Data Protection,Advance-Foundation NA,CTIN-918642,FAMS67455,Perpetual,3,07-Jan-18,6 Months,235991,,,No,No,CT Mindspace-3,Commvault,,Pentagon System And Services Pvt. Ltd,,CCNF,,PS,IX37A1OLF6UQ14JG,Request ID SR29355,HMT2,Cambia,
981,Software,2FA for Jira,Commercial,CTIN-255880,FAMS31060,Perpetual,100,29-Mar-20,6 Months,495575,,,No,Yes,CT Mindspace-1,Atlassian,15,Online,INV-99024,Client Provided,,Raosaheb,BCRDUE2C4ZI8LZCV,,HMT2,Elevance Health,Pratap Chandra Das
982,Software,7 Edit,Professional 2,Client Provided,,Subscription,25,27-Dec-21,Perpetual,318722,27-Dec-2021,25-Jun-2022,No,No,CT Powai,HL7,,Embee Software Pvt Ltd,,CCNF,,Volume Licensing Site,PHHPBZTCXF029QG7,,HMT1,CVS Health,Shashank Pasula
983,Software,.NET Developer Bundle,NA,CTIN-250813,,Subscription,50,29-Apr-21,Perpetual,442506,29-Apr-2021,29-Apr-2022,No,No,CT Mindspace-3,Red Gate,51,Red Gate Software Ltd,INV-33188,,,Raosaheb,O3IDJJZF2VNG2E3A,Request ID SR67275,HHP,Humana,
984,Software,Traqplan Timeline,NA,Client Provided,FAMS31614,Subscription,2000,03-Jan-22,Annual,30121,03-Jan-2022,03-Jan-2024,Yes,No,CT Mindspace-1,Traqplan,1401,RALCO synergy pvt ltd,INV-59744,CCNF,,Volume Licensing Site,3AUEULKZZ9ZXHFXE,Request ID SR86746,HPR,Athena,Venkata Abhiram Vanamali
985,Software,Q-S-VMDR,NA,CTIN-624455,,Perpetual,500,16-Oct-19,Annual,108998,,,No,No,CT Mindspace-1,Qualys,97,R S Consulting Services,INV-68155,,,On Portal,,,Functions (IT),Athena,Avinash Eppalapally
986,Software,7 Edit,Professional 2,CTIN-866922,,Subscription,50,08-Jun-25,Perpetual,234064,08-Jun-2025,08-Jun-2026,Yes,No,CT India,HL7,248,Embee Software Pvt Ltd,INV-46534,,,On Portal,UU7S32WZNT0ELFN5,,HLS,Humana,
987,Software,.NET Developer Bundle,NA,CTIN-449335,FAMS88967,Subscription,100,24-Jun-21,Annual,333403,24-Jun-2021,24-Jun-2022,No,No,CT USA,Red Gate,,Red Gate Software Ltd,,,,PS,RGPC0GI0COVKWGXC,,HMT1,Athena,
988,Software,Commvault FEDCB Data Protection,Advance-Foundation NA,CTIN-992022,FAMS95204,Perpetual,10,09-Dec-23,Annual,169236,,,No,Yes,CT Mindspace-3,Commvault,1082,Pentagon System And Services Pvt. Ltd,,CCNF,,Volume Licensing Site,,Request ID SR58530,HMT1,Devita,Avinash Eppalapally
989,Software,.NET Developer Bundle,NA,CTIN-525806,FAMS44835,Perpetual,10,29-Apr-18,Annual,112878,,,Yes,Yes,CT India,Red Gate,157,Red Gate Software Ltd,INV-68873,,,Integration Team,MPM0O86RN5APDHVA,Request ID SR48606,Functions (IT),Humana,Michael Benedetto
990,Software,Q-S-VMDR,NA,CTIN-862213,FAMS51139,Subscription,500,31-Oct-25,6 Months,221967,31-Oct-2025,31-Oct-2026,Yes,Yes,CT India,Qualys,464,R S Consulting Services,,,,Raosaheb,B2YR3Z063D3U9NK6,,HLS,Devita,Madison Buenaventura
991,Software,.NET Developer Bundle,NA,CTIN-113689,FAMS79147,Perpetual,5,09-Nov-21,Annual,469322,,,No,Yes,CT Mindspace-1,Red Gate,173,Red Gate Software Ltd,,CCNF,,,,Request ID SR69588,Functions (IT),Cigna,
992,Software,Commvault FEDCB Data Protection,Advance-Foundation NA,CTIN-426111,FAMS31552,Subscription,10,20-Feb-21,Perpetual,142310,20-Feb-2021,20-Feb-2023,Yes,No,CT Mindspace-1,Commvault,381,Pentagon System And Services Pvt. Ltd,INV-52269,,,PS,,Request ID SR56636,HHP,Devita,
993,Software,CP Rhapsody IDE,6.4.1,CTIN-549461,,Perpetual,5,23-Apr-23,6 Months,471030,,,Yes,Yes,CT Mindspace-3,OrionHealth,1283,Client Provided,INV-12948,Client Provided,,Volume Licensing Site,INNOLFOMB6RKBPDJ,,HMT2,Athena,Abhinav Garg
994,Software,7 Edit,Professional 2,CTIN-109256,FAMS19071,Perpetual,10,21-Jan-20,Annual,420201,,,Yes,Yes,CT India,HL7,121,Embee Software Pvt Ltd,INV-35757,CCNF,,PS,NZ9FL065S0ZSRBE2,,HMT1,Athena,Ankit Yadav
995,Software,7 Edit,Professional 2,CTIN-592463,,Perpetual,1,01-Feb-25,Perpetual,44982,,,No,Yes,CT Powai,HL7,1329,Embee Software Pvt Ltd,INV-67622,Client Provided,,PS,6AZP8AFCAGCC8RKN,Request ID SR52811,HMT1,Devita,Alamelumangai Gopalsamy
996,Software,CP Rhapsody IDE,6.4.1,CTIN-819304,FAMS27673,Perpetual,3,31-Mar-23,Annual,243175,,,Yes,No,CT Mindspace-1,OrionHealth,122,Client Provided,INV-20421,CCNF,,PS,ML11THESC00Q5THE,,HMT2,CVS Health,
997,Software,Commvault FEDCB Data Protection,Advance-Foundation NA,CTIN-421213,FAMS66856,Subscription,2,10-Jan-18,Annual,195780,10-Jan-2018,09-Jul-2018,Yes,Yes,CT USA,Commvault,1432,Pentagon System And Services Pvt. Ltd,,CCNF,,PS,D85TC56A5K3E8XBT,Request ID SR75807,Functions (IT),Humana,Brooke Bullimore
998,Software,.NET Developer Bundle,NA,CTIN-399306,FAMS86887,Perpetual,1,08-Oct-19,6 Months,63767,,,Yes,Yes,CT Mindspace-1,Red Gate,909,Red Gate Software Ltd,,,,,3NU35127U9VDHS82,Request ID SR40981,HMT1,CVS Health,
999,Software,Traqplan Timeline,NA,CTIN-863951,FAMS35886,Perpetual,100,02-Dec-25,Perpetual,158675,,,No,Yes,CT USA,Traqplan,9,RALCO synergy pvt ltd,INV-89746,,,PS,,,HMT2,Cigna,Vivekvardhan Reddy Enreddy
1000,Software,.NET Developer Bundle,NA,CTIN-561334,FAMS70488,Perpetual,1,18-Jul-22,Perpetual,162247,,,No,No,CT USA,Red Gate,,Red Gate Software Ltd,,,,PS,,Request ID SR71931,Functions (IT),Cambia,
